DEBUG - 2026-05-11 00:23:14 --> Session: Class initialized using 'CodeIgniter\Session\Handlers\FileHandler' driver.
DEBUG - 2026-05-11 00:23:14 --> Session: Class initialized using 'CodeIgniter\Session\Handlers\FileHandler' driver.
DEBUG - 2026-05-11 00:23:34 --> Session: Class initialized using 'CodeIgniter\Session\Handlers\FileHandler' driver.
DEBUG - 2026-05-11 00:23:41 --> Session: Class initialized using 'CodeIgniter\Session\Handlers\FileHandler' driver.
DEBUG - 2026-05-11 00:23:41 --> Session: Class initialized using 'CodeIgniter\Session\Handlers\FileHandler' driver.
DEBUG - 2026-05-11 00:25:54 --> Session: Class initialized using 'CodeIgniter\Session\Handlers\FileHandler' driver.
DEBUG - 2026-05-11 00:28:01 --> Session: Class initialized using 'CodeIgniter\Session\Handlers\FileHandler' driver.
DEBUG - 2026-05-11 00:28:01 --> Session: Class initialized using 'CodeIgniter\Session\Handlers\FileHandler' driver.
DEBUG - 2026-05-11 00:28:05 --> Session: Class initialized using 'CodeIgniter\Session\Handlers\FileHandler' driver.
DEBUG - 2026-05-11 00:30:08 --> Session: Class initialized using 'CodeIgniter\Session\Handlers\FileHandler' driver.
DEBUG - 2026-05-11 00:30:09 --> Session: Class initialized using 'CodeIgniter\Session\Handlers\FileHandler' driver.
DEBUG - 2026-05-11 00:30:32 --> Session: Class initialized using 'CodeIgniter\Session\Handlers\FileHandler' driver.
DEBUG - 2026-05-11 00:30:32 --> Session: Class initialized using 'CodeIgniter\Session\Handlers\FileHandler' driver.
ERROR - 2026-05-11 00:30:32 --> Table 'REGIME.UserSolde' doesn't exist
in SYSTEMPATH/Database/MySQLi/Connection.php on line 300.
 1 SYSTEMPATH/Database/MySQLi/Connection.php(300): mysqli->query()
 2 SYSTEMPATH/Database/BaseConnection.php(910): CodeIgniter\Database\MySQLi\Connection->execute()
 3 SYSTEMPATH/Database/BaseConnection.php(827): CodeIgniter\Database\BaseConnection->simpleQuery()
 4 SYSTEMPATH/Database/BaseBuilder.php(1649): CodeIgniter\Database\BaseConnection->query()
 5 APPPATH/Views/partials/Header.php(14): CodeIgniter\Database\BaseBuilder->get()
 6 SYSTEMPATH/View/View.php(240): include('/home/unknowm/Documents/GitHub/REGIME/app/Views/partials/Header.php')
 7 SYSTEMPATH/View/View.php(243): CodeIgniter\View\View->CodeIgniter\View\{closure}()
 8 SYSTEMPATH/Common.php(1250): CodeIgniter\View\View->render()
 9 APPPATH/Views/Myhome.php(11): view()
10 SYSTEMPATH/View/View.php(240): include('/home/unknowm/Documents/GitHub/REGIME/app/Views/Myhome.php')
11 SYSTEMPATH/View/View.php(243): CodeIgniter\View\View->CodeIgniter\View\{closure}()
12 SYSTEMPATH/Common.php(1250): CodeIgniter\View\View->render()
13 APPPATH/Controllers/Myhome.php(30): view()
14 SYSTEMPATH/CodeIgniter.php(951): App\Controllers\Myhome->index()
15 SYSTEMPATH/CodeIgniter.php(497): CodeIgniter\CodeIgniter->runController()
16 SYSTEMPATH/CodeIgniter.php(340): CodeIgniter\CodeIgniter->handleRequest()
17 SYSTEMPATH/Boot.php(417): CodeIgniter\CodeIgniter->run()
18 SYSTEMPATH/Boot.php(68): CodeIgniter\Boot::runCodeIgniter()
19 FCPATH/index.php(59): CodeIgniter\Boot::bootWeb()
DEBUG - 2026-05-11 00:30:35 --> Session: Class initialized using 'CodeIgniter\Session\Handlers\FileHandler' driver.
CRITICAL - 2026-05-11 00:30:35 --> PDOException: SQLSTATE[42S02]: Base table or view not found: 1146 Table 'REGIME.UserSolde' doesn't exist
[Method: GET, Route: profil]
in APPPATH/Traitements/TraitementProfil.php on line 57.
 1 APPPATH/Traitements/TraitementProfil.php(57): PDOStatement->execute()
 2 APPPATH/Controllers/Profil.php(22): App\Traitements\TraitementProfil->getUserSolde()
 3 SYSTEMPATH/CodeIgniter.php(951): App\Controllers\Profil->index()
 4 SYSTEMPATH/CodeIgniter.php(497): CodeIgniter\CodeIgniter->runController()
 5 SYSTEMPATH/CodeIgniter.php(340): CodeIgniter\CodeIgniter->handleRequest()
 6 SYSTEMPATH/Boot.php(417): CodeIgniter\CodeIgniter->run()
 7 SYSTEMPATH/Boot.php(68): CodeIgniter\Boot::runCodeIgniter()
 8 FCPATH/index.php(59): CodeIgniter\Boot::bootWeb()
DEBUG - 2026-05-11 00:31:53 --> Session: Class initialized using 'CodeIgniter\Session\Handlers\FileHandler' driver.
DEBUG - 2026-05-11 00:31:53 --> Session: Class initialized using 'CodeIgniter\Session\Handlers\FileHandler' driver.
DEBUG - 2026-05-11 00:32:00 --> Session: Class initialized using 'CodeIgniter\Session\Handlers\FileHandler' driver.
DEBUG - 2026-05-11 00:32:00 --> Session: Class initialized using 'CodeIgniter\Session\Handlers\FileHandler' driver.
DEBUG - 2026-05-11 00:32:03 --> Session: Class initialized using 'CodeIgniter\Session\Handlers\FileHandler' driver.
DEBUG - 2026-05-11 00:32:23 --> Session: Class initialized using 'CodeIgniter\Session\Handlers\FileHandler' driver.
DEBUG - 2026-05-11 00:32:32 --> Session: Class initialized using 'CodeIgniter\Session\Handlers\FileHandler' driver.
DEBUG - 2026-05-11 00:33:33 --> Session: Class initialized using 'CodeIgniter\Session\Handlers\FileHandler' driver.
DEBUG - 2026-05-11 00:33:39 --> Session: Class initialized using 'CodeIgniter\Session\Handlers\FileHandler' driver.
DEBUG - 2026-05-11 00:33:42 --> Session: Class initialized using 'CodeIgniter\Session\Handlers\FileHandler' driver.
DEBUG - 2026-05-11 00:33:42 --> Session: Class initialized using 'CodeIgniter\Session\Handlers\FileHandler' driver.
DEBUG - 2026-05-11 00:33:46 --> Session: Class initialized using 'CodeIgniter\Session\Handlers\FileHandler' driver.
DEBUG - 2026-05-11 00:33:51 --> Session: Class initialized using 'CodeIgniter\Session\Handlers\FileHandler' driver.
DEBUG - 2026-05-11 00:33:57 --> Session: Class initialized using 'CodeIgniter\Session\Handlers\FileHandler' driver.
DEBUG - 2026-05-11 00:33:57 --> Session: Class initialized using 'CodeIgniter\Session\Handlers\FileHandler' driver.
DEBUG - 2026-05-11 00:34:10 --> Session: Class initialized using 'CodeIgniter\Session\Handlers\FileHandler' driver.
DEBUG - 2026-05-11 00:34:16 --> Session: Class initialized using 'CodeIgniter\Session\Handlers\FileHandler' driver.
DEBUG - 2026-05-11 00:34:23 --> Session: Class initialized using 'CodeIgniter\Session\Handlers\FileHandler' driver.
DEBUG - 2026-05-11 00:34:32 --> Session: Class initialized using 'CodeIgniter\Session\Handlers\FileHandler' driver.
DEBUG - 2026-05-11 00:39:30 --> Session: Class initialized using 'CodeIgniter\Session\Handlers\FileHandler' driver.
DEBUG - 2026-05-11 00:45:31 --> Session: Class initialized using 'CodeIgniter\Session\Handlers\FileHandler' driver.
DEBUG - 2026-05-11 00:45:47 --> Session: Class initialized using 'CodeIgniter\Session\Handlers\FileHandler' driver.
DEBUG - 2026-05-11 00:45:49 --> Session: Class initialized using 'CodeIgniter\Session\Handlers\FileHandler' driver.
DEBUG - 2026-05-11 00:48:31 --> Session: Class initialized using 'CodeIgniter\Session\Handlers\FileHandler' driver.
DEBUG - 2026-05-11 00:48:32 --> Session: Class initialized using 'CodeIgniter\Session\Handlers\FileHandler' driver.
DEBUG - 2026-05-11 00:50:24 --> Session: Class initialized using 'CodeIgniter\Session\Handlers\FileHandler' driver.
DEBUG - 2026-05-11 00:53:10 --> Session: Class initialized using 'CodeIgniter\Session\Handlers\FileHandler' driver.
DEBUG - 2026-05-11 00:53:29 --> Session: Class initialized using 'CodeIgniter\Session\Handlers\FileHandler' driver.
DEBUG - 2026-05-11 00:55:47 --> Session: Class initialized using 'CodeIgniter\Session\Handlers\FileHandler' driver.
DEBUG - 2026-05-11 00:56:09 --> Session: Class initialized using 'CodeIgniter\Session\Handlers\FileHandler' driver.
DEBUG - 2026-05-11 00:56:14 --> Session: Class initialized using 'CodeIgniter\Session\Handlers\FileHandler' driver.
DEBUG - 2026-05-11 00:56:16 --> Session: Class initialized using 'CodeIgniter\Session\Handlers\FileHandler' driver.
DEBUG - 2026-05-11 00:56:28 --> Session: Class initialized using 'CodeIgniter\Session\Handlers\FileHandler' driver.
DEBUG - 2026-05-11 00:56:29 --> Session: Class initialized using 'CodeIgniter\Session\Handlers\FileHandler' driver.
DEBUG - 2026-05-11 00:56:30 --> Session: Class initialized using 'CodeIgniter\Session\Handlers\FileHandler' driver.
DEBUG - 2026-05-11 00:56:33 --> Session: Class initialized using 'CodeIgniter\Session\Handlers\FileHandler' driver.
DEBUG - 2026-05-11 00:56:39 --> Session: Class initialized using 'CodeIgniter\Session\Handlers\FileHandler' driver.
DEBUG - 2026-05-11 00:56:40 --> Session: Class initialized using 'CodeIgniter\Session\Handlers\FileHandler' driver.
DEBUG - 2026-05-11 00:56:40 --> Session: Class initialized using 'CodeIgniter\Session\Handlers\FileHandler' driver.
DEBUG - 2026-05-11 00:56:40 --> Session: Class initialized using 'CodeIgniter\Session\Handlers\FileHandler' driver.
DEBUG - 2026-05-11 00:56:58 --> Session: Class initialized using 'CodeIgniter\Session\Handlers\FileHandler' driver.
DEBUG - 2026-05-11 00:57:11 --> Session: Class initialized using 'CodeIgniter\Session\Handlers\FileHandler' driver.
DEBUG - 2026-05-11 00:57:13 --> Session: Class initialized using 'CodeIgniter\Session\Handlers\FileHandler' driver.
DEBUG - 2026-05-11 00:57:43 --> Session: Class initialized using 'CodeIgniter\Session\Handlers\FileHandler' driver.
DEBUG - 2026-05-11 00:57:44 --> Session: Class initialized using 'CodeIgniter\Session\Handlers\FileHandler' driver.
DEBUG - 2026-05-11 00:57:48 --> Session: Class initialized using 'CodeIgniter\Session\Handlers\FileHandler' driver.
DEBUG - 2026-05-11 00:57:51 --> Session: Class initialized using 'CodeIgniter\Session\Handlers\FileHandler' driver.
DEBUG - 2026-05-11 00:57:52 --> Session: Class initialized using 'CodeIgniter\Session\Handlers\FileHandler' driver.
DEBUG - 2026-05-11 00:59:30 --> Session: Class initialized using 'CodeIgniter\Session\Handlers\FileHandler' driver.
DEBUG - 2026-05-11 00:59:33 --> Session: Class initialized using 'CodeIgniter\Session\Handlers\FileHandler' driver.
DEBUG - 2026-05-11 00:59:40 --> Session: Class initialized using 'CodeIgniter\Session\Handlers\FileHandler' driver.
DEBUG - 2026-05-11 00:59:41 --> Session: Class initialized using 'CodeIgniter\Session\Handlers\FileHandler' driver.
DEBUG - 2026-05-11 00:59:45 --> Session: Class initialized using 'CodeIgniter\Session\Handlers\FileHandler' driver.
DEBUG - 2026-05-11 00:59:48 --> Session: Class initialized using 'CodeIgniter\Session\Handlers\FileHandler' driver.
DEBUG - 2026-05-11 01:05:35 --> Session: Class initialized using 'CodeIgniter\Session\Handlers\FileHandler' driver.
DEBUG - 2026-05-11 01:05:39 --> Session: Class initialized using 'CodeIgniter\Session\Handlers\FileHandler' driver.
DEBUG - 2026-05-11 01:05:40 --> Session: Class initialized using 'CodeIgniter\Session\Handlers\FileHandler' driver.
DEBUG - 2026-05-11 01:05:47 --> Session: Class initialized using 'CodeIgniter\Session\Handlers\FileHandler' driver.
DEBUG - 2026-05-11 01:05:48 --> Session: Class initialized using 'CodeIgniter\Session\Handlers\FileHandler' driver.
DEBUG - 2026-05-11 01:05:50 --> Session: Class initialized using 'CodeIgniter\Session\Handlers\FileHandler' driver.
DEBUG - 2026-05-11 01:05:51 --> Session: Class initialized using 'CodeIgniter\Session\Handlers\FileHandler' driver.
DEBUG - 2026-05-11 01:05:51 --> Session: Class initialized using 'CodeIgniter\Session\Handlers\FileHandler' driver.
DEBUG - 2026-05-11 01:05:52 --> Session: Class initialized using 'CodeIgniter\Session\Handlers\FileHandler' driver.
DEBUG - 2026-05-11 01:05:53 --> Session: Class initialized using 'CodeIgniter\Session\Handlers\FileHandler' driver.
DEBUG - 2026-05-11 01:05:54 --> Session: Class initialized using 'CodeIgniter\Session\Handlers\FileHandler' driver.
DEBUG - 2026-05-11 01:05:57 --> Session: Class initialized using 'CodeIgniter\Session\Handlers\FileHandler' driver.
DEBUG - 2026-05-11 01:05:57 --> Session: Class initialized using 'CodeIgniter\Session\Handlers\FileHandler' driver.
DEBUG - 2026-05-11 01:06:00 --> Session: Class initialized using 'CodeIgniter\Session\Handlers\FileHandler' driver.
DEBUG - 2026-05-11 04:44:53 --> Session: Class initialized using 'CodeIgniter\Session\Handlers\FileHandler' driver.
CRITICAL - 2026-05-11 04:44:53 --> ErrorException: Undefined array key "EfficacitePoids"
[Method: GET, Route: dashboard]
in APPPATH/Views/Dashboard.php on line 116.
 1 APPPATH/Views/Dashboard.php(116): CodeIgniter\Debug\Exceptions->errorHandler()
 2 SYSTEMPATH/View/View.php(240): include('/home/unknowm/Documents/GitHub/REGIME/app/Views/Dashboard.php')
 3 SYSTEMPATH/View/View.php(243): CodeIgniter\View\View->CodeIgniter\View\{closure}()
 4 SYSTEMPATH/Common.php(1250): CodeIgniter\View\View->render()
 5 APPPATH/Controllers/Dashboard.php(33): view()
 6 SYSTEMPATH/CodeIgniter.php(951): App\Controllers\Dashboard->index()
 7 SYSTEMPATH/CodeIgniter.php(497): CodeIgniter\CodeIgniter->runController()
 8 SYSTEMPATH/CodeIgniter.php(340): CodeIgniter\CodeIgniter->handleRequest()
 9 SYSTEMPATH/Boot.php(417): CodeIgniter\CodeIgniter->run()
10 SYSTEMPATH/Boot.php(68): CodeIgniter\Boot::runCodeIgniter()
11 FCPATH/index.php(59): CodeIgniter\Boot::bootWeb()
DEBUG - 2026-05-11 04:44:53 --> Session: Class initialized using 'CodeIgniter\Session\Handlers\FileHandler' driver.
CRITICAL - 2026-05-11 04:44:53 --> ErrorException: Undefined array key "EfficacitePoids"
[Method: GET, Route: dashboard]
in APPPATH/Views/Dashboard.php on line 116.
 1 APPPATH/Views/Dashboard.php(116): CodeIgniter\Debug\Exceptions->errorHandler()
 2 SYSTEMPATH/View/View.php(240): include('/home/unknowm/Documents/GitHub/REGIME/app/Views/Dashboard.php')
 3 SYSTEMPATH/View/View.php(243): CodeIgniter\View\View->CodeIgniter\View\{closure}()
 4 SYSTEMPATH/Common.php(1250): CodeIgniter\View\View->render()
 5 APPPATH/Controllers/Dashboard.php(33): view()
 6 SYSTEMPATH/CodeIgniter.php(951): App\Controllers\Dashboard->index()
 7 SYSTEMPATH/CodeIgniter.php(497): CodeIgniter\CodeIgniter->runController()
 8 SYSTEMPATH/CodeIgniter.php(340): CodeIgniter\CodeIgniter->handleRequest()
 9 SYSTEMPATH/Boot.php(417): CodeIgniter\CodeIgniter->run()
10 SYSTEMPATH/Boot.php(68): CodeIgniter\Boot::runCodeIgniter()
11 FCPATH/index.php(59): CodeIgniter\Boot::bootWeb()
DEBUG - 2026-05-11 04:44:54 --> Session: Class initialized using 'CodeIgniter\Session\Handlers\FileHandler' driver.
CRITICAL - 2026-05-11 04:44:54 --> ErrorException: Undefined array key "EfficacitePoids"
[Method: GET, Route: dashboard]
in APPPATH/Views/Dashboard.php on line 116.
 1 APPPATH/Views/Dashboard.php(116): CodeIgniter\Debug\Exceptions->errorHandler()
 2 SYSTEMPATH/View/View.php(240): include('/home/unknowm/Documents/GitHub/REGIME/app/Views/Dashboard.php')
 3 SYSTEMPATH/View/View.php(243): CodeIgniter\View\View->CodeIgniter\View\{closure}()
 4 SYSTEMPATH/Common.php(1250): CodeIgniter\View\View->render()
 5 APPPATH/Controllers/Dashboard.php(33): view()
 6 SYSTEMPATH/CodeIgniter.php(951): App\Controllers\Dashboard->index()
 7 SYSTEMPATH/CodeIgniter.php(497): CodeIgniter\CodeIgniter->runController()
 8 SYSTEMPATH/CodeIgniter.php(340): CodeIgniter\CodeIgniter->handleRequest()
 9 SYSTEMPATH/Boot.php(417): CodeIgniter\CodeIgniter->run()
10 SYSTEMPATH/Boot.php(68): CodeIgniter\Boot::runCodeIgniter()
11 FCPATH/index.php(59): CodeIgniter\Boot::bootWeb()
DEBUG - 2026-05-11 04:44:54 --> Session: Class initialized using 'CodeIgniter\Session\Handlers\FileHandler' driver.
CRITICAL - 2026-05-11 04:44:54 --> ErrorException: Undefined array key "EfficacitePoids"
[Method: GET, Route: dashboard]
in APPPATH/Views/Dashboard.php on line 116.
 1 APPPATH/Views/Dashboard.php(116): CodeIgniter\Debug\Exceptions->errorHandler()
 2 SYSTEMPATH/View/View.php(240): include('/home/unknowm/Documents/GitHub/REGIME/app/Views/Dashboard.php')
 3 SYSTEMPATH/View/View.php(243): CodeIgniter\View\View->CodeIgniter\View\{closure}()
 4 SYSTEMPATH/Common.php(1250): CodeIgniter\View\View->render()
 5 APPPATH/Controllers/Dashboard.php(33): view()
 6 SYSTEMPATH/CodeIgniter.php(951): App\Controllers\Dashboard->index()
 7 SYSTEMPATH/CodeIgniter.php(497): CodeIgniter\CodeIgniter->runController()
 8 SYSTEMPATH/CodeIgniter.php(340): CodeIgniter\CodeIgniter->handleRequest()
 9 SYSTEMPATH/Boot.php(417): CodeIgniter\CodeIgniter->run()
10 SYSTEMPATH/Boot.php(68): CodeIgniter\Boot::runCodeIgniter()
11 FCPATH/index.php(59): CodeIgniter\Boot::bootWeb()
DEBUG - 2026-05-11 04:44:58 --> Session: Class initialized using 'CodeIgniter\Session\Handlers\FileHandler' driver.
CRITICAL - 2026-05-11 04:44:58 --> ErrorException: Undefined array key "EfficacitePoids"
[Method: GET, Route: dashboard]
in APPPATH/Views/Dashboard.php on line 116.
 1 APPPATH/Views/Dashboard.php(116): CodeIgniter\Debug\Exceptions->errorHandler()
 2 SYSTEMPATH/View/View.php(240): include('/home/unknowm/Documents/GitHub/REGIME/app/Views/Dashboard.php')
 3 SYSTEMPATH/View/View.php(243): CodeIgniter\View\View->CodeIgniter\View\{closure}()
 4 SYSTEMPATH/Common.php(1250): CodeIgniter\View\View->render()
 5 APPPATH/Controllers/Dashboard.php(33): view()
 6 SYSTEMPATH/CodeIgniter.php(951): App\Controllers\Dashboard->index()
 7 SYSTEMPATH/CodeIgniter.php(497): CodeIgniter\CodeIgniter->runController()
 8 SYSTEMPATH/CodeIgniter.php(340): CodeIgniter\CodeIgniter->handleRequest()
 9 SYSTEMPATH/Boot.php(417): CodeIgniter\CodeIgniter->run()
10 SYSTEMPATH/Boot.php(68): CodeIgniter\Boot::runCodeIgniter()
11 FCPATH/index.php(59): CodeIgniter\Boot::bootWeb()
DEBUG - 2026-05-11 04:45:03 --> Session: Class initialized using 'CodeIgniter\Session\Handlers\FileHandler' driver.
CRITICAL - 2026-05-11 04:45:03 --> ErrorException: Undefined array key "EfficacitePoids"
[Method: GET, Route: dashboard]
in APPPATH/Views/Dashboard.php on line 116.
 1 APPPATH/Views/Dashboard.php(116): CodeIgniter\Debug\Exceptions->errorHandler()
 2 SYSTEMPATH/View/View.php(240): include('/home/unknowm/Documents/GitHub/REGIME/app/Views/Dashboard.php')
 3 SYSTEMPATH/View/View.php(243): CodeIgniter\View\View->CodeIgniter\View\{closure}()
 4 SYSTEMPATH/Common.php(1250): CodeIgniter\View\View->render()
 5 APPPATH/Controllers/Dashboard.php(33): view()
 6 SYSTEMPATH/CodeIgniter.php(951): App\Controllers\Dashboard->index()
 7 SYSTEMPATH/CodeIgniter.php(497): CodeIgniter\CodeIgniter->runController()
 8 SYSTEMPATH/CodeIgniter.php(340): CodeIgniter\CodeIgniter->handleRequest()
 9 SYSTEMPATH/Boot.php(417): CodeIgniter\CodeIgniter->run()
10 SYSTEMPATH/Boot.php(68): CodeIgniter\Boot::runCodeIgniter()
11 FCPATH/index.php(59): CodeIgniter\Boot::bootWeb()
DEBUG - 2026-05-11 04:45:24 --> Session: Class initialized using 'CodeIgniter\Session\Handlers\FileHandler' driver.
CRITICAL - 2026-05-11 04:45:24 --> ErrorException: Undefined array key "EfficacitePoids"
[Method: GET, Route: dashboard]
in APPPATH/Views/Dashboard.php on line 116.
 1 APPPATH/Views/Dashboard.php(116): CodeIgniter\Debug\Exceptions->errorHandler()
 2 SYSTEMPATH/View/View.php(240): include('/home/unknowm/Documents/GitHub/REGIME/app/Views/Dashboard.php')
 3 SYSTEMPATH/View/View.php(243): CodeIgniter\View\View->CodeIgniter\View\{closure}()
 4 SYSTEMPATH/Common.php(1250): CodeIgniter\View\View->render()
 5 APPPATH/Controllers/Dashboard.php(33): view()
 6 SYSTEMPATH/CodeIgniter.php(951): App\Controllers\Dashboard->index()
 7 SYSTEMPATH/CodeIgniter.php(497): CodeIgniter\CodeIgniter->runController()
 8 SYSTEMPATH/CodeIgniter.php(340): CodeIgniter\CodeIgniter->handleRequest()
 9 SYSTEMPATH/Boot.php(417): CodeIgniter\CodeIgniter->run()
10 SYSTEMPATH/Boot.php(68): CodeIgniter\Boot::runCodeIgniter()
11 FCPATH/index.php(59): CodeIgniter\Boot::bootWeb()
DEBUG - 2026-05-11 04:45:27 --> Session: Class initialized using 'CodeIgniter\Session\Handlers\FileHandler' driver.
DEBUG - 2026-05-11 04:45:29 --> Session: Class initialized using 'CodeIgniter\Session\Handlers\FileHandler' driver.
DEBUG - 2026-05-11 04:45:29 --> Session: Class initialized using 'CodeIgniter\Session\Handlers\FileHandler' driver.
CRITICAL - 2026-05-11 04:45:30 --> ErrorException: Undefined array key "EfficacitePoids"
[Method: GET, Route: dashboard]
in APPPATH/Views/Dashboard.php on line 116.
 1 APPPATH/Views/Dashboard.php(116): CodeIgniter\Debug\Exceptions->errorHandler()
 2 SYSTEMPATH/View/View.php(240): include('/home/unknowm/Documents/GitHub/REGIME/app/Views/Dashboard.php')
 3 SYSTEMPATH/View/View.php(243): CodeIgniter\View\View->CodeIgniter\View\{closure}()
 4 SYSTEMPATH/Common.php(1250): CodeIgniter\View\View->render()
 5 APPPATH/Controllers/Dashboard.php(33): view()
 6 SYSTEMPATH/CodeIgniter.php(951): App\Controllers\Dashboard->index()
 7 SYSTEMPATH/CodeIgniter.php(497): CodeIgniter\CodeIgniter->runController()
 8 SYSTEMPATH/CodeIgniter.php(340): CodeIgniter\CodeIgniter->handleRequest()
 9 SYSTEMPATH/Boot.php(417): CodeIgniter\CodeIgniter->run()
10 SYSTEMPATH/Boot.php(68): CodeIgniter\Boot::runCodeIgniter()
11 FCPATH/index.php(59): CodeIgniter\Boot::bootWeb()
DEBUG - 2026-05-11 04:47:04 --> Session: Class initialized using 'CodeIgniter\Session\Handlers\FileHandler' driver.
ERROR - 2026-05-11 04:47:04 --> Unknown column 'SPORT.EfficacitePoids' in 'field list'
in SYSTEMPATH/Database/MySQLi/Connection.php on line 300.
 1 SYSTEMPATH/Database/MySQLi/Connection.php(300): mysqli->query()
 2 SYSTEMPATH/Database/BaseConnection.php(910): CodeIgniter\Database\MySQLi\Connection->execute()
 3 SYSTEMPATH/Database/BaseConnection.php(827): CodeIgniter\Database\BaseConnection->simpleQuery()
 4 SYSTEMPATH/Database/BaseBuilder.php(1649): CodeIgniter\Database\BaseConnection->query()
 5 SYSTEMPATH/Model.php(253): CodeIgniter\Database\BaseBuilder->get()
 6 SYSTEMPATH/BaseModel.php(676): CodeIgniter\Model->doFindAll()
 7 APPPATH/Models/SportModel.php(13): CodeIgniter\BaseModel->findAll()
 8 APPPATH/Controllers/Dashboard.php(28): App\Models\SportModel->getSportsWithTypes()
 9 SYSTEMPATH/CodeIgniter.php(951): App\Controllers\Dashboard->index()
10 SYSTEMPATH/CodeIgniter.php(497): CodeIgniter\CodeIgniter->runController()
11 SYSTEMPATH/CodeIgniter.php(340): CodeIgniter\CodeIgniter->handleRequest()
12 SYSTEMPATH/Boot.php(417): CodeIgniter\CodeIgniter->run()
13 SYSTEMPATH/Boot.php(68): CodeIgniter\Boot::runCodeIgniter()
14 FCPATH/index.php(59): CodeIgniter\Boot::bootWeb()
CRITICAL - 2026-05-11 04:47:04 --> CodeIgniter\Database\Exceptions\DatabaseException: Unknown column 'SPORT.EfficacitePoids' in 'field list'
[Method: GET, Route: dashboard]
in SYSTEMPATH/Database/BaseConnection.php on line 865.
 1 SYSTEMPATH/Database/BaseBuilder.php(1649): CodeIgniter\Database\BaseConnection->query()
 2 SYSTEMPATH/Model.php(253): CodeIgniter\Database\BaseBuilder->get()
 3 SYSTEMPATH/BaseModel.php(676): CodeIgniter\Model->doFindAll()
 4 APPPATH/Models/SportModel.php(13): CodeIgniter\BaseModel->findAll()
 5 APPPATH/Controllers/Dashboard.php(28): App\Models\SportModel->getSportsWithTypes()
 6 SYSTEMPATH/CodeIgniter.php(951): App\Controllers\Dashboard->index()
 7 SYSTEMPATH/CodeIgniter.php(497): CodeIgniter\CodeIgniter->runController()
 8 SYSTEMPATH/CodeIgniter.php(340): CodeIgniter\CodeIgniter->handleRequest()
 9 SYSTEMPATH/Boot.php(417): CodeIgniter\CodeIgniter->run()
10 SYSTEMPATH/Boot.php(68): CodeIgniter\Boot::runCodeIgniter()
11 FCPATH/index.php(59): CodeIgniter\Boot::bootWeb()
CRITICAL - 2026-05-11 04:47:04 --> [Caused by] CodeIgniter\Database\Exceptions\DatabaseException: Unknown column 'SPORT.EfficacitePoids' in 'field list'
in SYSTEMPATH/Database/MySQLi/Connection.php on line 310.
 1 SYSTEMPATH/Database/BaseConnection.php(910): CodeIgniter\Database\MySQLi\Connection->execute()
 2 SYSTEMPATH/Database/BaseConnection.php(827): CodeIgniter\Database\BaseConnection->simpleQuery()
 3 SYSTEMPATH/Database/BaseBuilder.php(1649): CodeIgniter\Database\BaseConnection->query()
 4 SYSTEMPATH/Model.php(253): CodeIgniter\Database\BaseBuilder->get()
 5 SYSTEMPATH/BaseModel.php(676): CodeIgniter\Model->doFindAll()
 6 APPPATH/Models/SportModel.php(13): CodeIgniter\BaseModel->findAll()
 7 APPPATH/Controllers/Dashboard.php(28): App\Models\SportModel->getSportsWithTypes()
 8 SYSTEMPATH/CodeIgniter.php(951): App\Controllers\Dashboard->index()
 9 SYSTEMPATH/CodeIgniter.php(497): CodeIgniter\CodeIgniter->runController()
10 SYSTEMPATH/CodeIgniter.php(340): CodeIgniter\CodeIgniter->handleRequest()
11 SYSTEMPATH/Boot.php(417): CodeIgniter\CodeIgniter->run()
12 SYSTEMPATH/Boot.php(68): CodeIgniter\Boot::runCodeIgniter()
13 FCPATH/index.php(59): CodeIgniter\Boot::bootWeb()
CRITICAL - 2026-05-11 04:47:04 --> [Caused by] mysqli_sql_exception: Unknown column 'SPORT.EfficacitePoids' in 'field list'
in SYSTEMPATH/Database/MySQLi/Connection.php on line 300.
 1 SYSTEMPATH/Database/MySQLi/Connection.php(300): mysqli->query()
 2 SYSTEMPATH/Database/BaseConnection.php(910): CodeIgniter\Database\MySQLi\Connection->execute()
 3 SYSTEMPATH/Database/BaseConnection.php(827): CodeIgniter\Database\BaseConnection->simpleQuery()
 4 SYSTEMPATH/Database/BaseBuilder.php(1649): CodeIgniter\Database\BaseConnection->query()
 5 SYSTEMPATH/Model.php(253): CodeIgniter\Database\BaseBuilder->get()
 6 SYSTEMPATH/BaseModel.php(676): CodeIgniter\Model->doFindAll()
 7 APPPATH/Models/SportModel.php(13): CodeIgniter\BaseModel->findAll()
 8 APPPATH/Controllers/Dashboard.php(28): App\Models\SportModel->getSportsWithTypes()
 9 SYSTEMPATH/CodeIgniter.php(951): App\Controllers\Dashboard->index()
10 SYSTEMPATH/CodeIgniter.php(497): CodeIgniter\CodeIgniter->runController()
11 SYSTEMPATH/CodeIgniter.php(340): CodeIgniter\CodeIgniter->handleRequest()
12 SYSTEMPATH/Boot.php(417): CodeIgniter\CodeIgniter->run()
13 SYSTEMPATH/Boot.php(68): CodeIgniter\Boot::runCodeIgniter()
14 FCPATH/index.php(59): CodeIgniter\Boot::bootWeb()
DEBUG - 2026-05-11 04:47:05 --> Session: Class initialized using 'CodeIgniter\Session\Handlers\FileHandler' driver.
ERROR - 2026-05-11 04:47:05 --> Unknown column 'SPORT.EfficacitePoids' in 'field list'
in SYSTEMPATH/Database/MySQLi/Connection.php on line 300.
 1 SYSTEMPATH/Database/MySQLi/Connection.php(300): mysqli->query()
 2 SYSTEMPATH/Database/BaseConnection.php(910): CodeIgniter\Database\MySQLi\Connection->execute()
 3 SYSTEMPATH/Database/BaseConnection.php(827): CodeIgniter\Database\BaseConnection->simpleQuery()
 4 SYSTEMPATH/Database/BaseBuilder.php(1649): CodeIgniter\Database\BaseConnection->query()
 5 SYSTEMPATH/Model.php(253): CodeIgniter\Database\BaseBuilder->get()
 6 SYSTEMPATH/BaseModel.php(676): CodeIgniter\Model->doFindAll()
 7 APPPATH/Models/SportModel.php(13): CodeIgniter\BaseModel->findAll()
 8 APPPATH/Controllers/Dashboard.php(28): App\Models\SportModel->getSportsWithTypes()
 9 SYSTEMPATH/CodeIgniter.php(951): App\Controllers\Dashboard->index()
10 SYSTEMPATH/CodeIgniter.php(497): CodeIgniter\CodeIgniter->runController()
11 SYSTEMPATH/CodeIgniter.php(340): CodeIgniter\CodeIgniter->handleRequest()
12 SYSTEMPATH/Boot.php(417): CodeIgniter\CodeIgniter->run()
13 SYSTEMPATH/Boot.php(68): CodeIgniter\Boot::runCodeIgniter()
14 FCPATH/index.php(59): CodeIgniter\Boot::bootWeb()
CRITICAL - 2026-05-11 04:47:05 --> CodeIgniter\Database\Exceptions\DatabaseException: Unknown column 'SPORT.EfficacitePoids' in 'field list'
[Method: GET, Route: dashboard]
in SYSTEMPATH/Database/BaseConnection.php on line 865.
 1 SYSTEMPATH/Database/BaseBuilder.php(1649): CodeIgniter\Database\BaseConnection->query()
 2 SYSTEMPATH/Model.php(253): CodeIgniter\Database\BaseBuilder->get()
 3 SYSTEMPATH/BaseModel.php(676): CodeIgniter\Model->doFindAll()
 4 APPPATH/Models/SportModel.php(13): CodeIgniter\BaseModel->findAll()
 5 APPPATH/Controllers/Dashboard.php(28): App\Models\SportModel->getSportsWithTypes()
 6 SYSTEMPATH/CodeIgniter.php(951): App\Controllers\Dashboard->index()
 7 SYSTEMPATH/CodeIgniter.php(497): CodeIgniter\CodeIgniter->runController()
 8 SYSTEMPATH/CodeIgniter.php(340): CodeIgniter\CodeIgniter->handleRequest()
 9 SYSTEMPATH/Boot.php(417): CodeIgniter\CodeIgniter->run()
10 SYSTEMPATH/Boot.php(68): CodeIgniter\Boot::runCodeIgniter()
11 FCPATH/index.php(59): CodeIgniter\Boot::bootWeb()
CRITICAL - 2026-05-11 04:47:05 --> [Caused by] CodeIgniter\Database\Exceptions\DatabaseException: Unknown column 'SPORT.EfficacitePoids' in 'field list'
in SYSTEMPATH/Database/MySQLi/Connection.php on line 310.
 1 SYSTEMPATH/Database/BaseConnection.php(910): CodeIgniter\Database\MySQLi\Connection->execute()
 2 SYSTEMPATH/Database/BaseConnection.php(827): CodeIgniter\Database\BaseConnection->simpleQuery()
 3 SYSTEMPATH/Database/BaseBuilder.php(1649): CodeIgniter\Database\BaseConnection->query()
 4 SYSTEMPATH/Model.php(253): CodeIgniter\Database\BaseBuilder->get()
 5 SYSTEMPATH/BaseModel.php(676): CodeIgniter\Model->doFindAll()
 6 APPPATH/Models/SportModel.php(13): CodeIgniter\BaseModel->findAll()
 7 APPPATH/Controllers/Dashboard.php(28): App\Models\SportModel->getSportsWithTypes()
 8 SYSTEMPATH/CodeIgniter.php(951): App\Controllers\Dashboard->index()
 9 SYSTEMPATH/CodeIgniter.php(497): CodeIgniter\CodeIgniter->runController()
10 SYSTEMPATH/CodeIgniter.php(340): CodeIgniter\CodeIgniter->handleRequest()
11 SYSTEMPATH/Boot.php(417): CodeIgniter\CodeIgniter->run()
12 SYSTEMPATH/Boot.php(68): CodeIgniter\Boot::runCodeIgniter()
13 FCPATH/index.php(59): CodeIgniter\Boot::bootWeb()
CRITICAL - 2026-05-11 04:47:05 --> [Caused by] mysqli_sql_exception: Unknown column 'SPORT.EfficacitePoids' in 'field list'
in SYSTEMPATH/Database/MySQLi/Connection.php on line 300.
 1 SYSTEMPATH/Database/MySQLi/Connection.php(300): mysqli->query()
 2 SYSTEMPATH/Database/BaseConnection.php(910): CodeIgniter\Database\MySQLi\Connection->execute()
 3 SYSTEMPATH/Database/BaseConnection.php(827): CodeIgniter\Database\BaseConnection->simpleQuery()
 4 SYSTEMPATH/Database/BaseBuilder.php(1649): CodeIgniter\Database\BaseConnection->query()
 5 SYSTEMPATH/Model.php(253): CodeIgniter\Database\BaseBuilder->get()
 6 SYSTEMPATH/BaseModel.php(676): CodeIgniter\Model->doFindAll()
 7 APPPATH/Models/SportModel.php(13): CodeIgniter\BaseModel->findAll()
 8 APPPATH/Controllers/Dashboard.php(28): App\Models\SportModel->getSportsWithTypes()
 9 SYSTEMPATH/CodeIgniter.php(951): App\Controllers\Dashboard->index()
10 SYSTEMPATH/CodeIgniter.php(497): CodeIgniter\CodeIgniter->runController()
11 SYSTEMPATH/CodeIgniter.php(340): CodeIgniter\CodeIgniter->handleRequest()
12 SYSTEMPATH/Boot.php(417): CodeIgniter\CodeIgniter->run()
13 SYSTEMPATH/Boot.php(68): CodeIgniter\Boot::runCodeIgniter()
14 FCPATH/index.php(59): CodeIgniter\Boot::bootWeb()
DEBUG - 2026-05-11 04:47:06 --> Session: Class initialized using 'CodeIgniter\Session\Handlers\FileHandler' driver.
ERROR - 2026-05-11 04:47:06 --> Unknown column 'SPORT.EfficacitePoids' in 'field list'
in SYSTEMPATH/Database/MySQLi/Connection.php on line 300.
 1 SYSTEMPATH/Database/MySQLi/Connection.php(300): mysqli->query()
 2 SYSTEMPATH/Database/BaseConnection.php(910): CodeIgniter\Database\MySQLi\Connection->execute()
 3 SYSTEMPATH/Database/BaseConnection.php(827): CodeIgniter\Database\BaseConnection->simpleQuery()
 4 SYSTEMPATH/Database/BaseBuilder.php(1649): CodeIgniter\Database\BaseConnection->query()
 5 SYSTEMPATH/Model.php(253): CodeIgniter\Database\BaseBuilder->get()
 6 SYSTEMPATH/BaseModel.php(676): CodeIgniter\Model->doFindAll()
 7 APPPATH/Models/SportModel.php(13): CodeIgniter\BaseModel->findAll()
 8 APPPATH/Controllers/Dashboard.php(28): App\Models\SportModel->getSportsWithTypes()
 9 SYSTEMPATH/CodeIgniter.php(951): App\Controllers\Dashboard->index()
10 SYSTEMPATH/CodeIgniter.php(497): CodeIgniter\CodeIgniter->runController()
11 SYSTEMPATH/CodeIgniter.php(340): CodeIgniter\CodeIgniter->handleRequest()
12 SYSTEMPATH/Boot.php(417): CodeIgniter\CodeIgniter->run()
13 SYSTEMPATH/Boot.php(68): CodeIgniter\Boot::runCodeIgniter()
14 FCPATH/index.php(59): CodeIgniter\Boot::bootWeb()
CRITICAL - 2026-05-11 04:47:06 --> CodeIgniter\Database\Exceptions\DatabaseException: Unknown column 'SPORT.EfficacitePoids' in 'field list'
[Method: GET, Route: dashboard]
in SYSTEMPATH/Database/BaseConnection.php on line 865.
 1 SYSTEMPATH/Database/BaseBuilder.php(1649): CodeIgniter\Database\BaseConnection->query()
 2 SYSTEMPATH/Model.php(253): CodeIgniter\Database\BaseBuilder->get()
 3 SYSTEMPATH/BaseModel.php(676): CodeIgniter\Model->doFindAll()
 4 APPPATH/Models/SportModel.php(13): CodeIgniter\BaseModel->findAll()
 5 APPPATH/Controllers/Dashboard.php(28): App\Models\SportModel->getSportsWithTypes()
 6 SYSTEMPATH/CodeIgniter.php(951): App\Controllers\Dashboard->index()
 7 SYSTEMPATH/CodeIgniter.php(497): CodeIgniter\CodeIgniter->runController()
 8 SYSTEMPATH/CodeIgniter.php(340): CodeIgniter\CodeIgniter->handleRequest()
 9 SYSTEMPATH/Boot.php(417): CodeIgniter\CodeIgniter->run()
10 SYSTEMPATH/Boot.php(68): CodeIgniter\Boot::runCodeIgniter()
11 FCPATH/index.php(59): CodeIgniter\Boot::bootWeb()
CRITICAL - 2026-05-11 04:47:06 --> [Caused by] CodeIgniter\Database\Exceptions\DatabaseException: Unknown column 'SPORT.EfficacitePoids' in 'field list'
in SYSTEMPATH/Database/MySQLi/Connection.php on line 310.
 1 SYSTEMPATH/Database/BaseConnection.php(910): CodeIgniter\Database\MySQLi\Connection->execute()
 2 SYSTEMPATH/Database/BaseConnection.php(827): CodeIgniter\Database\BaseConnection->simpleQuery()
 3 SYSTEMPATH/Database/BaseBuilder.php(1649): CodeIgniter\Database\BaseConnection->query()
 4 SYSTEMPATH/Model.php(253): CodeIgniter\Database\BaseBuilder->get()
 5 SYSTEMPATH/BaseModel.php(676): CodeIgniter\Model->doFindAll()
 6 APPPATH/Models/SportModel.php(13): CodeIgniter\BaseModel->findAll()
 7 APPPATH/Controllers/Dashboard.php(28): App\Models\SportModel->getSportsWithTypes()
 8 SYSTEMPATH/CodeIgniter.php(951): App\Controllers\Dashboard->index()
 9 SYSTEMPATH/CodeIgniter.php(497): CodeIgniter\CodeIgniter->runController()
10 SYSTEMPATH/CodeIgniter.php(340): CodeIgniter\CodeIgniter->handleRequest()
11 SYSTEMPATH/Boot.php(417): CodeIgniter\CodeIgniter->run()
12 SYSTEMPATH/Boot.php(68): CodeIgniter\Boot::runCodeIgniter()
13 FCPATH/index.php(59): CodeIgniter\Boot::bootWeb()
CRITICAL - 2026-05-11 04:47:06 --> [Caused by] mysqli_sql_exception: Unknown column 'SPORT.EfficacitePoids' in 'field list'
in SYSTEMPATH/Database/MySQLi/Connection.php on line 300.
 1 SYSTEMPATH/Database/MySQLi/Connection.php(300): mysqli->query()
 2 SYSTEMPATH/Database/BaseConnection.php(910): CodeIgniter\Database\MySQLi\Connection->execute()
 3 SYSTEMPATH/Database/BaseConnection.php(827): CodeIgniter\Database\BaseConnection->simpleQuery()
 4 SYSTEMPATH/Database/BaseBuilder.php(1649): CodeIgniter\Database\BaseConnection->query()
 5 SYSTEMPATH/Model.php(253): CodeIgniter\Database\BaseBuilder->get()
 6 SYSTEMPATH/BaseModel.php(676): CodeIgniter\Model->doFindAll()
 7 APPPATH/Models/SportModel.php(13): CodeIgniter\BaseModel->findAll()
 8 APPPATH/Controllers/Dashboard.php(28): App\Models\SportModel->getSportsWithTypes()
 9 SYSTEMPATH/CodeIgniter.php(951): App\Controllers\Dashboard->index()
10 SYSTEMPATH/CodeIgniter.php(497): CodeIgniter\CodeIgniter->runController()
11 SYSTEMPATH/CodeIgniter.php(340): CodeIgniter\CodeIgniter->handleRequest()
12 SYSTEMPATH/Boot.php(417): CodeIgniter\CodeIgniter->run()
13 SYSTEMPATH/Boot.php(68): CodeIgniter\Boot::runCodeIgniter()
14 FCPATH/index.php(59): CodeIgniter\Boot::bootWeb()
DEBUG - 2026-05-11 04:47:06 --> Session: Class initialized using 'CodeIgniter\Session\Handlers\FileHandler' driver.
ERROR - 2026-05-11 04:47:06 --> Unknown column 'SPORT.EfficacitePoids' in 'field list'
in SYSTEMPATH/Database/MySQLi/Connection.php on line 300.
 1 SYSTEMPATH/Database/MySQLi/Connection.php(300): mysqli->query()
 2 SYSTEMPATH/Database/BaseConnection.php(910): CodeIgniter\Database\MySQLi\Connection->execute()
 3 SYSTEMPATH/Database/BaseConnection.php(827): CodeIgniter\Database\BaseConnection->simpleQuery()
 4 SYSTEMPATH/Database/BaseBuilder.php(1649): CodeIgniter\Database\BaseConnection->query()
 5 SYSTEMPATH/Model.php(253): CodeIgniter\Database\BaseBuilder->get()
 6 SYSTEMPATH/BaseModel.php(676): CodeIgniter\Model->doFindAll()
 7 APPPATH/Models/SportModel.php(13): CodeIgniter\BaseModel->findAll()
 8 APPPATH/Controllers/Dashboard.php(28): App\Models\SportModel->getSportsWithTypes()
 9 SYSTEMPATH/CodeIgniter.php(951): App\Controllers\Dashboard->index()
10 SYSTEMPATH/CodeIgniter.php(497): CodeIgniter\CodeIgniter->runController()
11 SYSTEMPATH/CodeIgniter.php(340): CodeIgniter\CodeIgniter->handleRequest()
12 SYSTEMPATH/Boot.php(417): CodeIgniter\CodeIgniter->run()
13 SYSTEMPATH/Boot.php(68): CodeIgniter\Boot::runCodeIgniter()
14 FCPATH/index.php(59): CodeIgniter\Boot::bootWeb()
CRITICAL - 2026-05-11 04:47:06 --> CodeIgniter\Database\Exceptions\DatabaseException: Unknown column 'SPORT.EfficacitePoids' in 'field list'
[Method: GET, Route: dashboard]
in SYSTEMPATH/Database/BaseConnection.php on line 865.
 1 SYSTEMPATH/Database/BaseBuilder.php(1649): CodeIgniter\Database\BaseConnection->query()
 2 SYSTEMPATH/Model.php(253): CodeIgniter\Database\BaseBuilder->get()
 3 SYSTEMPATH/BaseModel.php(676): CodeIgniter\Model->doFindAll()
 4 APPPATH/Models/SportModel.php(13): CodeIgniter\BaseModel->findAll()
 5 APPPATH/Controllers/Dashboard.php(28): App\Models\SportModel->getSportsWithTypes()
 6 SYSTEMPATH/CodeIgniter.php(951): App\Controllers\Dashboard->index()
 7 SYSTEMPATH/CodeIgniter.php(497): CodeIgniter\CodeIgniter->runController()
 8 SYSTEMPATH/CodeIgniter.php(340): CodeIgniter\CodeIgniter->handleRequest()
 9 SYSTEMPATH/Boot.php(417): CodeIgniter\CodeIgniter->run()
10 SYSTEMPATH/Boot.php(68): CodeIgniter\Boot::runCodeIgniter()
11 FCPATH/index.php(59): CodeIgniter\Boot::bootWeb()
CRITICAL - 2026-05-11 04:47:06 --> [Caused by] CodeIgniter\Database\Exceptions\DatabaseException: Unknown column 'SPORT.EfficacitePoids' in 'field list'
in SYSTEMPATH/Database/MySQLi/Connection.php on line 310.
 1 SYSTEMPATH/Database/BaseConnection.php(910): CodeIgniter\Database\MySQLi\Connection->execute()
 2 SYSTEMPATH/Database/BaseConnection.php(827): CodeIgniter\Database\BaseConnection->simpleQuery()
 3 SYSTEMPATH/Database/BaseBuilder.php(1649): CodeIgniter\Database\BaseConnection->query()
 4 SYSTEMPATH/Model.php(253): CodeIgniter\Database\BaseBuilder->get()
 5 SYSTEMPATH/BaseModel.php(676): CodeIgniter\Model->doFindAll()
 6 APPPATH/Models/SportModel.php(13): CodeIgniter\BaseModel->findAll()
 7 APPPATH/Controllers/Dashboard.php(28): App\Models\SportModel->getSportsWithTypes()
 8 SYSTEMPATH/CodeIgniter.php(951): App\Controllers\Dashboard->index()
 9 SYSTEMPATH/CodeIgniter.php(497): CodeIgniter\CodeIgniter->runController()
10 SYSTEMPATH/CodeIgniter.php(340): CodeIgniter\CodeIgniter->handleRequest()
11 SYSTEMPATH/Boot.php(417): CodeIgniter\CodeIgniter->run()
12 SYSTEMPATH/Boot.php(68): CodeIgniter\Boot::runCodeIgniter()
13 FCPATH/index.php(59): CodeIgniter\Boot::bootWeb()
CRITICAL - 2026-05-11 04:47:06 --> [Caused by] mysqli_sql_exception: Unknown column 'SPORT.EfficacitePoids' in 'field list'
in SYSTEMPATH/Database/MySQLi/Connection.php on line 300.
 1 SYSTEMPATH/Database/MySQLi/Connection.php(300): mysqli->query()
 2 SYSTEMPATH/Database/BaseConnection.php(910): CodeIgniter\Database\MySQLi\Connection->execute()
 3 SYSTEMPATH/Database/BaseConnection.php(827): CodeIgniter\Database\BaseConnection->simpleQuery()
 4 SYSTEMPATH/Database/BaseBuilder.php(1649): CodeIgniter\Database\BaseConnection->query()
 5 SYSTEMPATH/Model.php(253): CodeIgniter\Database\BaseBuilder->get()
 6 SYSTEMPATH/BaseModel.php(676): CodeIgniter\Model->doFindAll()
 7 APPPATH/Models/SportModel.php(13): CodeIgniter\BaseModel->findAll()
 8 APPPATH/Controllers/Dashboard.php(28): App\Models\SportModel->getSportsWithTypes()
 9 SYSTEMPATH/CodeIgniter.php(951): App\Controllers\Dashboard->index()
10 SYSTEMPATH/CodeIgniter.php(497): CodeIgniter\CodeIgniter->runController()
11 SYSTEMPATH/CodeIgniter.php(340): CodeIgniter\CodeIgniter->handleRequest()
12 SYSTEMPATH/Boot.php(417): CodeIgniter\CodeIgniter->run()
13 SYSTEMPATH/Boot.php(68): CodeIgniter\Boot::runCodeIgniter()
14 FCPATH/index.php(59): CodeIgniter\Boot::bootWeb()
DEBUG - 2026-05-11 04:47:06 --> Session: Class initialized using 'CodeIgniter\Session\Handlers\FileHandler' driver.
ERROR - 2026-05-11 04:47:06 --> Unknown column 'SPORT.EfficacitePoids' in 'field list'
in SYSTEMPATH/Database/MySQLi/Connection.php on line 300.
 1 SYSTEMPATH/Database/MySQLi/Connection.php(300): mysqli->query()
 2 SYSTEMPATH/Database/BaseConnection.php(910): CodeIgniter\Database\MySQLi\Connection->execute()
 3 SYSTEMPATH/Database/BaseConnection.php(827): CodeIgniter\Database\BaseConnection->simpleQuery()
 4 SYSTEMPATH/Database/BaseBuilder.php(1649): CodeIgniter\Database\BaseConnection->query()
 5 SYSTEMPATH/Model.php(253): CodeIgniter\Database\BaseBuilder->get()
 6 SYSTEMPATH/BaseModel.php(676): CodeIgniter\Model->doFindAll()
 7 APPPATH/Models/SportModel.php(13): CodeIgniter\BaseModel->findAll()
 8 APPPATH/Controllers/Dashboard.php(28): App\Models\SportModel->getSportsWithTypes()
 9 SYSTEMPATH/CodeIgniter.php(951): App\Controllers\Dashboard->index()
10 SYSTEMPATH/CodeIgniter.php(497): CodeIgniter\CodeIgniter->runController()
11 SYSTEMPATH/CodeIgniter.php(340): CodeIgniter\CodeIgniter->handleRequest()
12 SYSTEMPATH/Boot.php(417): CodeIgniter\CodeIgniter->run()
13 SYSTEMPATH/Boot.php(68): CodeIgniter\Boot::runCodeIgniter()
14 FCPATH/index.php(59): CodeIgniter\Boot::bootWeb()
CRITICAL - 2026-05-11 04:47:06 --> CodeIgniter\Database\Exceptions\DatabaseException: Unknown column 'SPORT.EfficacitePoids' in 'field list'
[Method: GET, Route: dashboard]
in SYSTEMPATH/Database/BaseConnection.php on line 865.
 1 SYSTEMPATH/Database/BaseBuilder.php(1649): CodeIgniter\Database\BaseConnection->query()
 2 SYSTEMPATH/Model.php(253): CodeIgniter\Database\BaseBuilder->get()
 3 SYSTEMPATH/BaseModel.php(676): CodeIgniter\Model->doFindAll()
 4 APPPATH/Models/SportModel.php(13): CodeIgniter\BaseModel->findAll()
 5 APPPATH/Controllers/Dashboard.php(28): App\Models\SportModel->getSportsWithTypes()
 6 SYSTEMPATH/CodeIgniter.php(951): App\Controllers\Dashboard->index()
 7 SYSTEMPATH/CodeIgniter.php(497): CodeIgniter\CodeIgniter->runController()
 8 SYSTEMPATH/CodeIgniter.php(340): CodeIgniter\CodeIgniter->handleRequest()
 9 SYSTEMPATH/Boot.php(417): CodeIgniter\CodeIgniter->run()
10 SYSTEMPATH/Boot.php(68): CodeIgniter\Boot::runCodeIgniter()
11 FCPATH/index.php(59): CodeIgniter\Boot::bootWeb()
CRITICAL - 2026-05-11 04:47:06 --> [Caused by] CodeIgniter\Database\Exceptions\DatabaseException: Unknown column 'SPORT.EfficacitePoids' in 'field list'
in SYSTEMPATH/Database/MySQLi/Connection.php on line 310.
 1 SYSTEMPATH/Database/BaseConnection.php(910): CodeIgniter\Database\MySQLi\Connection->execute()
 2 SYSTEMPATH/Database/BaseConnection.php(827): CodeIgniter\Database\BaseConnection->simpleQuery()
 3 SYSTEMPATH/Database/BaseBuilder.php(1649): CodeIgniter\Database\BaseConnection->query()
 4 SYSTEMPATH/Model.php(253): CodeIgniter\Database\BaseBuilder->get()
 5 SYSTEMPATH/BaseModel.php(676): CodeIgniter\Model->doFindAll()
 6 APPPATH/Models/SportModel.php(13): CodeIgniter\BaseModel->findAll()
 7 APPPATH/Controllers/Dashboard.php(28): App\Models\SportModel->getSportsWithTypes()
 8 SYSTEMPATH/CodeIgniter.php(951): App\Controllers\Dashboard->index()
 9 SYSTEMPATH/CodeIgniter.php(497): CodeIgniter\CodeIgniter->runController()
10 SYSTEMPATH/CodeIgniter.php(340): CodeIgniter\CodeIgniter->handleRequest()
11 SYSTEMPATH/Boot.php(417): CodeIgniter\CodeIgniter->run()
12 SYSTEMPATH/Boot.php(68): CodeIgniter\Boot::runCodeIgniter()
13 FCPATH/index.php(59): CodeIgniter\Boot::bootWeb()
CRITICAL - 2026-05-11 04:47:06 --> [Caused by] mysqli_sql_exception: Unknown column 'SPORT.EfficacitePoids' in 'field list'
in SYSTEMPATH/Database/MySQLi/Connection.php on line 300.
 1 SYSTEMPATH/Database/MySQLi/Connection.php(300): mysqli->query()
 2 SYSTEMPATH/Database/BaseConnection.php(910): CodeIgniter\Database\MySQLi\Connection->execute()
 3 SYSTEMPATH/Database/BaseConnection.php(827): CodeIgniter\Database\BaseConnection->simpleQuery()
 4 SYSTEMPATH/Database/BaseBuilder.php(1649): CodeIgniter\Database\BaseConnection->query()
 5 SYSTEMPATH/Model.php(253): CodeIgniter\Database\BaseBuilder->get()
 6 SYSTEMPATH/BaseModel.php(676): CodeIgniter\Model->doFindAll()
 7 APPPATH/Models/SportModel.php(13): CodeIgniter\BaseModel->findAll()
 8 APPPATH/Controllers/Dashboard.php(28): App\Models\SportModel->getSportsWithTypes()
 9 SYSTEMPATH/CodeIgniter.php(951): App\Controllers\Dashboard->index()
10 SYSTEMPATH/CodeIgniter.php(497): CodeIgniter\CodeIgniter->runController()
11 SYSTEMPATH/CodeIgniter.php(340): CodeIgniter\CodeIgniter->handleRequest()
12 SYSTEMPATH/Boot.php(417): CodeIgniter\CodeIgniter->run()
13 SYSTEMPATH/Boot.php(68): CodeIgniter\Boot::runCodeIgniter()
14 FCPATH/index.php(59): CodeIgniter\Boot::bootWeb()
DEBUG - 2026-05-11 04:48:14 --> Session: Class initialized using 'CodeIgniter\Session\Handlers\FileHandler' driver.
DEBUG - 2026-05-11 04:51:03 --> Session: Class initialized using 'CodeIgniter\Session\Handlers\FileHandler' driver.
DEBUG - 2026-05-11 04:51:04 --> Session: Class initialized using 'CodeIgniter\Session\Handlers\FileHandler' driver.
DEBUG - 2026-05-11 04:51:04 --> Session: Class initialized using 'CodeIgniter\Session\Handlers\FileHandler' driver.
DEBUG - 2026-05-11 04:51:05 --> Session: Class initialized using 'CodeIgniter\Session\Handlers\FileHandler' driver.
DEBUG - 2026-05-11 04:51:10 --> Session: Class initialized using 'CodeIgniter\Session\Handlers\FileHandler' driver.
DEBUG - 2026-05-11 04:51:12 --> Session: Class initialized using 'CodeIgniter\Session\Handlers\FileHandler' driver.
DEBUG - 2026-05-11 04:52:41 --> Session: Class initialized using 'CodeIgniter\Session\Handlers\FileHandler' driver.
DEBUG - 2026-05-11 04:52:41 --> Session: Class initialized using 'CodeIgniter\Session\Handlers\FileHandler' driver.
DEBUG - 2026-05-11 04:52:44 --> Session: Class initialized using 'CodeIgniter\Session\Handlers\FileHandler' driver.
DEBUG - 2026-05-11 04:52:47 --> Session: Class initialized using 'CodeIgniter\Session\Handlers\FileHandler' driver.
DEBUG - 2026-05-11 04:52:51 --> Session: Class initialized using 'CodeIgniter\Session\Handlers\FileHandler' driver.
DEBUG - 2026-05-11 04:52:52 --> Session: Class initialized using 'CodeIgniter\Session\Handlers\FileHandler' driver.
DEBUG - 2026-05-11 04:52:53 --> Session: Class initialized using 'CodeIgniter\Session\Handlers\FileHandler' driver.
DEBUG - 2026-05-11 04:52:58 --> Session: Class initialized using 'CodeIgniter\Session\Handlers\FileHandler' driver.
DEBUG - 2026-05-11 04:52:59 --> Session: Class initialized using 'CodeIgniter\Session\Handlers\FileHandler' driver.
DEBUG - 2026-05-11 04:54:26 --> Session: Class initialized using 'CodeIgniter\Session\Handlers\FileHandler' driver.
DEBUG - 2026-05-11 04:54:27 --> Session: Class initialized using 'CodeIgniter\Session\Handlers\FileHandler' driver.
DEBUG - 2026-05-11 04:54:48 --> Session: Class initialized using 'CodeIgniter\Session\Handlers\FileHandler' driver.
DEBUG - 2026-05-11 04:56:01 --> Session: Class initialized using 'CodeIgniter\Session\Handlers\FileHandler' driver.
DEBUG - 2026-05-11 04:56:02 --> Session: Class initialized using 'CodeIgniter\Session\Handlers\FileHandler' driver.
DEBUG - 2026-05-11 04:56:02 --> Session: Class initialized using 'CodeIgniter\Session\Handlers\FileHandler' driver.
DEBUG - 2026-05-11 04:56:10 --> Session: Class initialized using 'CodeIgniter\Session\Handlers\FileHandler' driver.
DEBUG - 2026-05-11 04:56:12 --> Session: Class initialized using 'CodeIgniter\Session\Handlers\FileHandler' driver.
DEBUG - 2026-05-11 04:56:13 --> Session: Class initialized using 'CodeIgniter\Session\Handlers\FileHandler' driver.
DEBUG - 2026-05-11 04:56:15 --> Session: Class initialized using 'CodeIgniter\Session\Handlers\FileHandler' driver.
DEBUG - 2026-05-11 04:56:17 --> Session: Class initialized using 'CodeIgniter\Session\Handlers\FileHandler' driver.
DEBUG - 2026-05-11 04:56:19 --> Session: Class initialized using 'CodeIgniter\Session\Handlers\FileHandler' driver.
DEBUG - 2026-05-11 05:05:34 --> Session: Class initialized using 'CodeIgniter\Session\Handlers\FileHandler' driver.
DEBUG - 2026-05-11 05:05:35 --> Session: Class initialized using 'CodeIgniter\Session\Handlers\FileHandler' driver.
DEBUG - 2026-05-11 05:05:35 --> Session: Class initialized using 'CodeIgniter\Session\Handlers\FileHandler' driver.
DEBUG - 2026-05-11 05:05:37 --> Session: Class initialized using 'CodeIgniter\Session\Handlers\FileHandler' driver.
DEBUG - 2026-05-11 05:05:51 --> Session: Class initialized using 'CodeIgniter\Session\Handlers\FileHandler' driver.
DEBUG - 2026-05-11 05:05:51 --> Session: Class initialized using 'CodeIgniter\Session\Handlers\FileHandler' driver.
DEBUG - 2026-05-11 05:05:58 --> Session: Class initialized using 'CodeIgniter\Session\Handlers\FileHandler' driver.
DEBUG - 2026-05-11 05:05:58 --> Session: Class initialized using 'CodeIgniter\Session\Handlers\FileHandler' driver.
DEBUG - 2026-05-11 05:06:26 --> Session: Class initialized using 'CodeIgniter\Session\Handlers\FileHandler' driver.
DEBUG - 2026-05-11 05:40:38 --> Session: Class initialized using 'CodeIgniter\Session\Handlers\FileHandler' driver.
DEBUG - 2026-05-11 05:40:46 --> Session: Class initialized using 'CodeIgniter\Session\Handlers\FileHandler' driver.
DEBUG - 2026-05-11 05:40:46 --> Session: Class initialized using 'CodeIgniter\Session\Handlers\FileHandler' driver.
DEBUG - 2026-05-11 05:40:50 --> Session: Class initialized using 'CodeIgniter\Session\Handlers\FileHandler' driver.
DEBUG - 2026-05-11 05:40:58 --> Session: Class initialized using 'CodeIgniter\Session\Handlers\FileHandler' driver.
DEBUG - 2026-05-11 05:41:01 --> Session: Class initialized using 'CodeIgniter\Session\Handlers\FileHandler' driver.
DEBUG - 2026-05-11 05:43:02 --> Session: Class initialized using 'CodeIgniter\Session\Handlers\FileHandler' driver.
DEBUG - 2026-05-11 05:43:03 --> Session: Class initialized using 'CodeIgniter\Session\Handlers\FileHandler' driver.
DEBUG - 2026-05-11 05:43:56 --> Session: Class initialized using 'CodeIgniter\Session\Handlers\FileHandler' driver.
DEBUG - 2026-05-11 05:43:57 --> Session: Class initialized using 'CodeIgniter\Session\Handlers\FileHandler' driver.
DEBUG - 2026-05-11 05:43:57 --> Session: Class initialized using 'CodeIgniter\Session\Handlers\FileHandler' driver.
DEBUG - 2026-05-11 05:43:58 --> Session: Class initialized using 'CodeIgniter\Session\Handlers\FileHandler' driver.
DEBUG - 2026-05-11 05:45:08 --> Session: Class initialized using 'CodeIgniter\Session\Handlers\FileHandler' driver.
DEBUG - 2026-05-11 05:46:07 --> Session: Class initialized using 'CodeIgniter\Session\Handlers\FileHandler' driver.
DEBUG - 2026-05-11 05:46:57 --> Session: Class initialized using 'CodeIgniter\Session\Handlers\FileHandler' driver.
DEBUG - 2026-05-11 05:46:58 --> Session: Class initialized using 'CodeIgniter\Session\Handlers\FileHandler' driver.
DEBUG - 2026-05-11 05:46:59 --> Session: Class initialized using 'CodeIgniter\Session\Handlers\FileHandler' driver.
DEBUG - 2026-05-11 05:46:59 --> Session: Class initialized using 'CodeIgniter\Session\Handlers\FileHandler' driver.
DEBUG - 2026-05-11 05:46:59 --> Session: Class initialized using 'CodeIgniter\Session\Handlers\FileHandler' driver.
DEBUG - 2026-05-11 05:46:59 --> Session: Class initialized using 'CodeIgniter\Session\Handlers\FileHandler' driver.
DEBUG - 2026-05-11 05:47:00 --> Session: Class initialized using 'CodeIgniter\Session\Handlers\FileHandler' driver.
DEBUG - 2026-05-11 05:48:01 --> Session: Class initialized using 'CodeIgniter\Session\Handlers\FileHandler' driver.
DEBUG - 2026-05-11 05:48:14 --> Session: Class initialized using 'CodeIgniter\Session\Handlers\FileHandler' driver.
DEBUG - 2026-05-11 05:48:14 --> Session: Class initialized using 'CodeIgniter\Session\Handlers\FileHandler' driver.
DEBUG - 2026-05-11 05:48:23 --> Session: Class initialized using 'CodeIgniter\Session\Handlers\FileHandler' driver.
DEBUG - 2026-05-11 05:48:23 --> Session: Class initialized using 'CodeIgniter\Session\Handlers\FileHandler' driver.
DEBUG - 2026-05-11 05:49:43 --> Session: Class initialized using 'CodeIgniter\Session\Handlers\FileHandler' driver.
DEBUG - 2026-05-11 05:49:44 --> Session: Class initialized using 'CodeIgniter\Session\Handlers\FileHandler' driver.
DEBUG - 2026-05-11 05:49:44 --> Session: Class initialized using 'CodeIgniter\Session\Handlers\FileHandler' driver.
DEBUG - 2026-05-11 05:49:44 --> Session: Class initialized using 'CodeIgniter\Session\Handlers\FileHandler' driver.
DEBUG - 2026-05-11 05:49:45 --> Session: Class initialized using 'CodeIgniter\Session\Handlers\FileHandler' driver.
DEBUG - 2026-05-11 05:50:08 --> Session: Class initialized using 'CodeIgniter\Session\Handlers\FileHandler' driver.
DEBUG - 2026-05-11 05:52:36 --> Session: Class initialized using 'CodeIgniter\Session\Handlers\FileHandler' driver.
DEBUG - 2026-05-11 05:53:13 --> Session: Class initialized using 'CodeIgniter\Session\Handlers\FileHandler' driver.
DEBUG - 2026-05-11 05:53:28 --> Session: Class initialized using 'CodeIgniter\Session\Handlers\FileHandler' driver.
DEBUG - 2026-05-11 05:58:01 --> Session: Class initialized using 'CodeIgniter\Session\Handlers\FileHandler' driver.
DEBUG - 2026-05-11 05:58:02 --> Session: Class initialized using 'CodeIgniter\Session\Handlers\FileHandler' driver.
DEBUG - 2026-05-11 05:58:02 --> Session: Class initialized using 'CodeIgniter\Session\Handlers\FileHandler' driver.
DEBUG - 2026-05-11 05:58:02 --> Session: Class initialized using 'CodeIgniter\Session\Handlers\FileHandler' driver.
DEBUG - 2026-05-11 05:58:59 --> Session: Class initialized using 'CodeIgniter\Session\Handlers\FileHandler' driver.
DEBUG - 2026-05-11 05:58:59 --> Session: Class initialized using 'CodeIgniter\Session\Handlers\FileHandler' driver.
DEBUG - 2026-05-11 05:59:55 --> Session: Class initialized using 'CodeIgniter\Session\Handlers\FileHandler' driver.
DEBUG - 2026-05-11 05:59:56 --> Session: Class initialized using 'CodeIgniter\Session\Handlers\FileHandler' driver.
DEBUG - 2026-05-11 05:59:57 --> Session: Class initialized using 'CodeIgniter\Session\Handlers\FileHandler' driver.
DEBUG - 2026-05-11 05:59:59 --> Session: Class initialized using 'CodeIgniter\Session\Handlers\FileHandler' driver.
DEBUG - 2026-05-11 05:59:59 --> Session: Class initialized using 'CodeIgniter\Session\Handlers\FileHandler' driver.
DEBUG - 2026-05-11 05:59:59 --> Session: Class initialized using 'CodeIgniter\Session\Handlers\FileHandler' driver.
DEBUG - 2026-05-11 06:01:35 --> Session: Class initialized using 'CodeIgniter\Session\Handlers\FileHandler' driver.
DEBUG - 2026-05-11 06:01:42 --> Session: Class initialized using 'CodeIgniter\Session\Handlers\FileHandler' driver.
DEBUG - 2026-05-11 06:04:49 --> Session: Class initialized using 'CodeIgniter\Session\Handlers\FileHandler' driver.
DEBUG - 2026-05-11 06:05:27 --> Session: Class initialized using 'CodeIgniter\Session\Handlers\FileHandler' driver.
CRITICAL - 2026-05-11 06:05:27 --> Error: Call to undefined method CodeIgniter\Database\MySQLi\Builder::first()
[Method: GET, Route: dashboard]
in APPPATH/Controllers/Dashboard.php on line 77.
 1 SYSTEMPATH/CodeIgniter.php(951): App\Controllers\Dashboard->index()
 2 SYSTEMPATH/CodeIgniter.php(497): CodeIgniter\CodeIgniter->runController()
 3 SYSTEMPATH/CodeIgniter.php(340): CodeIgniter\CodeIgniter->handleRequest()
 4 SYSTEMPATH/Boot.php(417): CodeIgniter\CodeIgniter->run()
 5 SYSTEMPATH/Boot.php(68): CodeIgniter\Boot::runCodeIgniter()
 6 FCPATH/index.php(59): CodeIgniter\Boot::bootWeb()
 7 SYSTEMPATH/rewrite.php(44): require_once('/home/Hoshiina/INFO/S4/SI-IHM/REGIME/public/index.php')
DEBUG - 2026-05-11 06:05:55 --> Session: Class initialized using 'CodeIgniter\Session\Handlers\FileHandler' driver.
ERROR - 2026-05-11 06:05:55 --> Unknown column 'r.DureeEnJours' in 'field list'
in SYSTEMPATH/Database/MySQLi/Connection.php on line 300.
 1 SYSTEMPATH/Database/MySQLi/Connection.php(300): mysqli->query()
 2 SYSTEMPATH/Database/BaseConnection.php(910): CodeIgniter\Database\MySQLi\Connection->execute()
 3 SYSTEMPATH/Database/BaseConnection.php(827): CodeIgniter\Database\BaseConnection->simpleQuery()
 4 SYSTEMPATH/Database/BaseBuilder.php(1649): CodeIgniter\Database\BaseConnection->query()
 5 APPPATH/Controllers/Dashboard.php(78): CodeIgniter\Database\BaseBuilder->get()
 6 SYSTEMPATH/CodeIgniter.php(951): App\Controllers\Dashboard->index()
 7 SYSTEMPATH/CodeIgniter.php(497): CodeIgniter\CodeIgniter->runController()
 8 SYSTEMPATH/CodeIgniter.php(340): CodeIgniter\CodeIgniter->handleRequest()
 9 SYSTEMPATH/Boot.php(417): CodeIgniter\CodeIgniter->run()
10 SYSTEMPATH/Boot.php(68): CodeIgniter\Boot::runCodeIgniter()
11 FCPATH/index.php(59): CodeIgniter\Boot::bootWeb()
12 SYSTEMPATH/rewrite.php(44): require_once('/home/Hoshiina/INFO/S4/SI-IHM/REGIME/public/index.php')
CRITICAL - 2026-05-11 06:05:55 --> CodeIgniter\Database\Exceptions\DatabaseException: Unknown column 'r.DureeEnJours' in 'field list'
[Method: GET, Route: dashboard]
in SYSTEMPATH/Database/BaseConnection.php on line 865.
 1 SYSTEMPATH/Database/BaseBuilder.php(1649): CodeIgniter\Database\BaseConnection->query()
 2 APPPATH/Controllers/Dashboard.php(78): CodeIgniter\Database\BaseBuilder->get()
 3 SYSTEMPATH/CodeIgniter.php(951): App\Controllers\Dashboard->index()
 4 SYSTEMPATH/CodeIgniter.php(497): CodeIgniter\CodeIgniter->runController()
 5 SYSTEMPATH/CodeIgniter.php(340): CodeIgniter\CodeIgniter->handleRequest()
 6 SYSTEMPATH/Boot.php(417): CodeIgniter\CodeIgniter->run()
 7 SYSTEMPATH/Boot.php(68): CodeIgniter\Boot::runCodeIgniter()
 8 FCPATH/index.php(59): CodeIgniter\Boot::bootWeb()
 9 SYSTEMPATH/rewrite.php(44): require_once('/home/Hoshiina/INFO/S4/SI-IHM/REGIME/public/index.php')
CRITICAL - 2026-05-11 06:05:55 --> [Caused by] CodeIgniter\Database\Exceptions\DatabaseException: Unknown column 'r.DureeEnJours' in 'field list'
in SYSTEMPATH/Database/MySQLi/Connection.php on line 310.
 1 SYSTEMPATH/Database/BaseConnection.php(910): CodeIgniter\Database\MySQLi\Connection->execute()
 2 SYSTEMPATH/Database/BaseConnection.php(827): CodeIgniter\Database\BaseConnection->simpleQuery()
 3 SYSTEMPATH/Database/BaseBuilder.php(1649): CodeIgniter\Database\BaseConnection->query()
 4 APPPATH/Controllers/Dashboard.php(78): CodeIgniter\Database\BaseBuilder->get()
 5 SYSTEMPATH/CodeIgniter.php(951): App\Controllers\Dashboard->index()
 6 SYSTEMPATH/CodeIgniter.php(497): CodeIgniter\CodeIgniter->runController()
 7 SYSTEMPATH/CodeIgniter.php(340): CodeIgniter\CodeIgniter->handleRequest()
 8 SYSTEMPATH/Boot.php(417): CodeIgniter\CodeIgniter->run()
 9 SYSTEMPATH/Boot.php(68): CodeIgniter\Boot::runCodeIgniter()
10 FCPATH/index.php(59): CodeIgniter\Boot::bootWeb()
11 SYSTEMPATH/rewrite.php(44): require_once('/home/Hoshiina/INFO/S4/SI-IHM/REGIME/public/index.php')
CRITICAL - 2026-05-11 06:05:55 --> [Caused by] mysqli_sql_exception: Unknown column 'r.DureeEnJours' in 'field list'
in SYSTEMPATH/Database/MySQLi/Connection.php on line 300.
 1 SYSTEMPATH/Database/MySQLi/Connection.php(300): mysqli->query()
 2 SYSTEMPATH/Database/BaseConnection.php(910): CodeIgniter\Database\MySQLi\Connection->execute()
 3 SYSTEMPATH/Database/BaseConnection.php(827): CodeIgniter\Database\BaseConnection->simpleQuery()
 4 SYSTEMPATH/Database/BaseBuilder.php(1649): CodeIgniter\Database\BaseConnection->query()
 5 APPPATH/Controllers/Dashboard.php(78): CodeIgniter\Database\BaseBuilder->get()
 6 SYSTEMPATH/CodeIgniter.php(951): App\Controllers\Dashboard->index()
 7 SYSTEMPATH/CodeIgniter.php(497): CodeIgniter\CodeIgniter->runController()
 8 SYSTEMPATH/CodeIgniter.php(340): CodeIgniter\CodeIgniter->handleRequest()
 9 SYSTEMPATH/Boot.php(417): CodeIgniter\CodeIgniter->run()
10 SYSTEMPATH/Boot.php(68): CodeIgniter\Boot::runCodeIgniter()
11 FCPATH/index.php(59): CodeIgniter\Boot::bootWeb()
12 SYSTEMPATH/rewrite.php(44): require_once('/home/Hoshiina/INFO/S4/SI-IHM/REGIME/public/index.php')
DEBUG - 2026-05-11 06:05:56 --> Session: Class initialized using 'CodeIgniter\Session\Handlers\FileHandler' driver.
ERROR - 2026-05-11 06:05:56 --> Unknown column 'r.DureeEnJours' in 'field list'
in SYSTEMPATH/Database/MySQLi/Connection.php on line 300.
 1 SYSTEMPATH/Database/MySQLi/Connection.php(300): mysqli->query()
 2 SYSTEMPATH/Database/BaseConnection.php(910): CodeIgniter\Database\MySQLi\Connection->execute()
 3 SYSTEMPATH/Database/BaseConnection.php(827): CodeIgniter\Database\BaseConnection->simpleQuery()
 4 SYSTEMPATH/Database/BaseBuilder.php(1649): CodeIgniter\Database\BaseConnection->query()
 5 APPPATH/Controllers/Dashboard.php(78): CodeIgniter\Database\BaseBuilder->get()
 6 SYSTEMPATH/CodeIgniter.php(951): App\Controllers\Dashboard->index()
 7 SYSTEMPATH/CodeIgniter.php(497): CodeIgniter\CodeIgniter->runController()
 8 SYSTEMPATH/CodeIgniter.php(340): CodeIgniter\CodeIgniter->handleRequest()
 9 SYSTEMPATH/Boot.php(417): CodeIgniter\CodeIgniter->run()
10 SYSTEMPATH/Boot.php(68): CodeIgniter\Boot::runCodeIgniter()
11 FCPATH/index.php(59): CodeIgniter\Boot::bootWeb()
12 SYSTEMPATH/rewrite.php(44): require_once('/home/Hoshiina/INFO/S4/SI-IHM/REGIME/public/index.php')
CRITICAL - 2026-05-11 06:05:56 --> CodeIgniter\Database\Exceptions\DatabaseException: Unknown column 'r.DureeEnJours' in 'field list'
[Method: GET, Route: dashboard]
in SYSTEMPATH/Database/BaseConnection.php on line 865.
 1 SYSTEMPATH/Database/BaseBuilder.php(1649): CodeIgniter\Database\BaseConnection->query()
 2 APPPATH/Controllers/Dashboard.php(78): CodeIgniter\Database\BaseBuilder->get()
 3 SYSTEMPATH/CodeIgniter.php(951): App\Controllers\Dashboard->index()
 4 SYSTEMPATH/CodeIgniter.php(497): CodeIgniter\CodeIgniter->runController()
 5 SYSTEMPATH/CodeIgniter.php(340): CodeIgniter\CodeIgniter->handleRequest()
 6 SYSTEMPATH/Boot.php(417): CodeIgniter\CodeIgniter->run()
 7 SYSTEMPATH/Boot.php(68): CodeIgniter\Boot::runCodeIgniter()
 8 FCPATH/index.php(59): CodeIgniter\Boot::bootWeb()
 9 SYSTEMPATH/rewrite.php(44): require_once('/home/Hoshiina/INFO/S4/SI-IHM/REGIME/public/index.php')
CRITICAL - 2026-05-11 06:05:56 --> [Caused by] CodeIgniter\Database\Exceptions\DatabaseException: Unknown column 'r.DureeEnJours' in 'field list'
in SYSTEMPATH/Database/MySQLi/Connection.php on line 310.
 1 SYSTEMPATH/Database/BaseConnection.php(910): CodeIgniter\Database\MySQLi\Connection->execute()
 2 SYSTEMPATH/Database/BaseConnection.php(827): CodeIgniter\Database\BaseConnection->simpleQuery()
 3 SYSTEMPATH/Database/BaseBuilder.php(1649): CodeIgniter\Database\BaseConnection->query()
 4 APPPATH/Controllers/Dashboard.php(78): CodeIgniter\Database\BaseBuilder->get()
 5 SYSTEMPATH/CodeIgniter.php(951): App\Controllers\Dashboard->index()
 6 SYSTEMPATH/CodeIgniter.php(497): CodeIgniter\CodeIgniter->runController()
 7 SYSTEMPATH/CodeIgniter.php(340): CodeIgniter\CodeIgniter->handleRequest()
 8 SYSTEMPATH/Boot.php(417): CodeIgniter\CodeIgniter->run()
 9 SYSTEMPATH/Boot.php(68): CodeIgniter\Boot::runCodeIgniter()
10 FCPATH/index.php(59): CodeIgniter\Boot::bootWeb()
11 SYSTEMPATH/rewrite.php(44): require_once('/home/Hoshiina/INFO/S4/SI-IHM/REGIME/public/index.php')
CRITICAL - 2026-05-11 06:05:56 --> [Caused by] mysqli_sql_exception: Unknown column 'r.DureeEnJours' in 'field list'
in SYSTEMPATH/Database/MySQLi/Connection.php on line 300.
 1 SYSTEMPATH/Database/MySQLi/Connection.php(300): mysqli->query()
 2 SYSTEMPATH/Database/BaseConnection.php(910): CodeIgniter\Database\MySQLi\Connection->execute()
 3 SYSTEMPATH/Database/BaseConnection.php(827): CodeIgniter\Database\BaseConnection->simpleQuery()
 4 SYSTEMPATH/Database/BaseBuilder.php(1649): CodeIgniter\Database\BaseConnection->query()
 5 APPPATH/Controllers/Dashboard.php(78): CodeIgniter\Database\BaseBuilder->get()
 6 SYSTEMPATH/CodeIgniter.php(951): App\Controllers\Dashboard->index()
 7 SYSTEMPATH/CodeIgniter.php(497): CodeIgniter\CodeIgniter->runController()
 8 SYSTEMPATH/CodeIgniter.php(340): CodeIgniter\CodeIgniter->handleRequest()
 9 SYSTEMPATH/Boot.php(417): CodeIgniter\CodeIgniter->run()
10 SYSTEMPATH/Boot.php(68): CodeIgniter\Boot::runCodeIgniter()
11 FCPATH/index.php(59): CodeIgniter\Boot::bootWeb()
12 SYSTEMPATH/rewrite.php(44): require_once('/home/Hoshiina/INFO/S4/SI-IHM/REGIME/public/index.php')
DEBUG - 2026-05-11 06:05:56 --> Session: Class initialized using 'CodeIgniter\Session\Handlers\FileHandler' driver.
ERROR - 2026-05-11 06:05:57 --> Unknown column 'r.DureeEnJours' in 'field list'
in SYSTEMPATH/Database/MySQLi/Connection.php on line 300.
 1 SYSTEMPATH/Database/MySQLi/Connection.php(300): mysqli->query()
 2 SYSTEMPATH/Database/BaseConnection.php(910): CodeIgniter\Database\MySQLi\Connection->execute()
 3 SYSTEMPATH/Database/BaseConnection.php(827): CodeIgniter\Database\BaseConnection->simpleQuery()
 4 SYSTEMPATH/Database/BaseBuilder.php(1649): CodeIgniter\Database\BaseConnection->query()
 5 APPPATH/Controllers/Dashboard.php(78): CodeIgniter\Database\BaseBuilder->get()
 6 SYSTEMPATH/CodeIgniter.php(951): App\Controllers\Dashboard->index()
 7 SYSTEMPATH/CodeIgniter.php(497): CodeIgniter\CodeIgniter->runController()
 8 SYSTEMPATH/CodeIgniter.php(340): CodeIgniter\CodeIgniter->handleRequest()
 9 SYSTEMPATH/Boot.php(417): CodeIgniter\CodeIgniter->run()
10 SYSTEMPATH/Boot.php(68): CodeIgniter\Boot::runCodeIgniter()
11 FCPATH/index.php(59): CodeIgniter\Boot::bootWeb()
12 SYSTEMPATH/rewrite.php(44): require_once('/home/Hoshiina/INFO/S4/SI-IHM/REGIME/public/index.php')
CRITICAL - 2026-05-11 06:05:57 --> CodeIgniter\Database\Exceptions\DatabaseException: Unknown column 'r.DureeEnJours' in 'field list'
[Method: GET, Route: dashboard]
in SYSTEMPATH/Database/BaseConnection.php on line 865.
 1 SYSTEMPATH/Database/BaseBuilder.php(1649): CodeIgniter\Database\BaseConnection->query()
 2 APPPATH/Controllers/Dashboard.php(78): CodeIgniter\Database\BaseBuilder->get()
 3 SYSTEMPATH/CodeIgniter.php(951): App\Controllers\Dashboard->index()
 4 SYSTEMPATH/CodeIgniter.php(497): CodeIgniter\CodeIgniter->runController()
 5 SYSTEMPATH/CodeIgniter.php(340): CodeIgniter\CodeIgniter->handleRequest()
 6 SYSTEMPATH/Boot.php(417): CodeIgniter\CodeIgniter->run()
 7 SYSTEMPATH/Boot.php(68): CodeIgniter\Boot::runCodeIgniter()
 8 FCPATH/index.php(59): CodeIgniter\Boot::bootWeb()
 9 SYSTEMPATH/rewrite.php(44): require_once('/home/Hoshiina/INFO/S4/SI-IHM/REGIME/public/index.php')
CRITICAL - 2026-05-11 06:05:57 --> [Caused by] CodeIgniter\Database\Exceptions\DatabaseException: Unknown column 'r.DureeEnJours' in 'field list'
in SYSTEMPATH/Database/MySQLi/Connection.php on line 310.
 1 SYSTEMPATH/Database/BaseConnection.php(910): CodeIgniter\Database\MySQLi\Connection->execute()
 2 SYSTEMPATH/Database/BaseConnection.php(827): CodeIgniter\Database\BaseConnection->simpleQuery()
 3 SYSTEMPATH/Database/BaseBuilder.php(1649): CodeIgniter\Database\BaseConnection->query()
 4 APPPATH/Controllers/Dashboard.php(78): CodeIgniter\Database\BaseBuilder->get()
 5 SYSTEMPATH/CodeIgniter.php(951): App\Controllers\Dashboard->index()
 6 SYSTEMPATH/CodeIgniter.php(497): CodeIgniter\CodeIgniter->runController()
 7 SYSTEMPATH/CodeIgniter.php(340): CodeIgniter\CodeIgniter->handleRequest()
 8 SYSTEMPATH/Boot.php(417): CodeIgniter\CodeIgniter->run()
 9 SYSTEMPATH/Boot.php(68): CodeIgniter\Boot::runCodeIgniter()
10 FCPATH/index.php(59): CodeIgniter\Boot::bootWeb()
11 SYSTEMPATH/rewrite.php(44): require_once('/home/Hoshiina/INFO/S4/SI-IHM/REGIME/public/index.php')
CRITICAL - 2026-05-11 06:05:57 --> [Caused by] mysqli_sql_exception: Unknown column 'r.DureeEnJours' in 'field list'
in SYSTEMPATH/Database/MySQLi/Connection.php on line 300.
 1 SYSTEMPATH/Database/MySQLi/Connection.php(300): mysqli->query()
 2 SYSTEMPATH/Database/BaseConnection.php(910): CodeIgniter\Database\MySQLi\Connection->execute()
 3 SYSTEMPATH/Database/BaseConnection.php(827): CodeIgniter\Database\BaseConnection->simpleQuery()
 4 SYSTEMPATH/Database/BaseBuilder.php(1649): CodeIgniter\Database\BaseConnection->query()
 5 APPPATH/Controllers/Dashboard.php(78): CodeIgniter\Database\BaseBuilder->get()
 6 SYSTEMPATH/CodeIgniter.php(951): App\Controllers\Dashboard->index()
 7 SYSTEMPATH/CodeIgniter.php(497): CodeIgniter\CodeIgniter->runController()
 8 SYSTEMPATH/CodeIgniter.php(340): CodeIgniter\CodeIgniter->handleRequest()
 9 SYSTEMPATH/Boot.php(417): CodeIgniter\CodeIgniter->run()
10 SYSTEMPATH/Boot.php(68): CodeIgniter\Boot::runCodeIgniter()
11 FCPATH/index.php(59): CodeIgniter\Boot::bootWeb()
12 SYSTEMPATH/rewrite.php(44): require_once('/home/Hoshiina/INFO/S4/SI-IHM/REGIME/public/index.php')
DEBUG - 2026-05-11 06:05:57 --> Session: Class initialized using 'CodeIgniter\Session\Handlers\FileHandler' driver.
ERROR - 2026-05-11 06:05:57 --> Unknown column 'r.DureeEnJours' in 'field list'
in SYSTEMPATH/Database/MySQLi/Connection.php on line 300.
 1 SYSTEMPATH/Database/MySQLi/Connection.php(300): mysqli->query()
 2 SYSTEMPATH/Database/BaseConnection.php(910): CodeIgniter\Database\MySQLi\Connection->execute()
 3 SYSTEMPATH/Database/BaseConnection.php(827): CodeIgniter\Database\BaseConnection->simpleQuery()
 4 SYSTEMPATH/Database/BaseBuilder.php(1649): CodeIgniter\Database\BaseConnection->query()
 5 APPPATH/Controllers/Dashboard.php(78): CodeIgniter\Database\BaseBuilder->get()
 6 SYSTEMPATH/CodeIgniter.php(951): App\Controllers\Dashboard->index()
 7 SYSTEMPATH/CodeIgniter.php(497): CodeIgniter\CodeIgniter->runController()
 8 SYSTEMPATH/CodeIgniter.php(340): CodeIgniter\CodeIgniter->handleRequest()
 9 SYSTEMPATH/Boot.php(417): CodeIgniter\CodeIgniter->run()
10 SYSTEMPATH/Boot.php(68): CodeIgniter\Boot::runCodeIgniter()
11 FCPATH/index.php(59): CodeIgniter\Boot::bootWeb()
12 SYSTEMPATH/rewrite.php(44): require_once('/home/Hoshiina/INFO/S4/SI-IHM/REGIME/public/index.php')
CRITICAL - 2026-05-11 06:05:57 --> CodeIgniter\Database\Exceptions\DatabaseException: Unknown column 'r.DureeEnJours' in 'field list'
[Method: GET, Route: dashboard]
in SYSTEMPATH/Database/BaseConnection.php on line 865.
 1 SYSTEMPATH/Database/BaseBuilder.php(1649): CodeIgniter\Database\BaseConnection->query()
 2 APPPATH/Controllers/Dashboard.php(78): CodeIgniter\Database\BaseBuilder->get()
 3 SYSTEMPATH/CodeIgniter.php(951): App\Controllers\Dashboard->index()
 4 SYSTEMPATH/CodeIgniter.php(497): CodeIgniter\CodeIgniter->runController()
 5 SYSTEMPATH/CodeIgniter.php(340): CodeIgniter\CodeIgniter->handleRequest()
 6 SYSTEMPATH/Boot.php(417): CodeIgniter\CodeIgniter->run()
 7 SYSTEMPATH/Boot.php(68): CodeIgniter\Boot::runCodeIgniter()
 8 FCPATH/index.php(59): CodeIgniter\Boot::bootWeb()
 9 SYSTEMPATH/rewrite.php(44): require_once('/home/Hoshiina/INFO/S4/SI-IHM/REGIME/public/index.php')
CRITICAL - 2026-05-11 06:05:57 --> [Caused by] CodeIgniter\Database\Exceptions\DatabaseException: Unknown column 'r.DureeEnJours' in 'field list'
in SYSTEMPATH/Database/MySQLi/Connection.php on line 310.
 1 SYSTEMPATH/Database/BaseConnection.php(910): CodeIgniter\Database\MySQLi\Connection->execute()
 2 SYSTEMPATH/Database/BaseConnection.php(827): CodeIgniter\Database\BaseConnection->simpleQuery()
 3 SYSTEMPATH/Database/BaseBuilder.php(1649): CodeIgniter\Database\BaseConnection->query()
 4 APPPATH/Controllers/Dashboard.php(78): CodeIgniter\Database\BaseBuilder->get()
 5 SYSTEMPATH/CodeIgniter.php(951): App\Controllers\Dashboard->index()
 6 SYSTEMPATH/CodeIgniter.php(497): CodeIgniter\CodeIgniter->runController()
 7 SYSTEMPATH/CodeIgniter.php(340): CodeIgniter\CodeIgniter->handleRequest()
 8 SYSTEMPATH/Boot.php(417): CodeIgniter\CodeIgniter->run()
 9 SYSTEMPATH/Boot.php(68): CodeIgniter\Boot::runCodeIgniter()
10 FCPATH/index.php(59): CodeIgniter\Boot::bootWeb()
11 SYSTEMPATH/rewrite.php(44): require_once('/home/Hoshiina/INFO/S4/SI-IHM/REGIME/public/index.php')
CRITICAL - 2026-05-11 06:05:57 --> [Caused by] mysqli_sql_exception: Unknown column 'r.DureeEnJours' in 'field list'
in SYSTEMPATH/Database/MySQLi/Connection.php on line 300.
 1 SYSTEMPATH/Database/MySQLi/Connection.php(300): mysqli->query()
 2 SYSTEMPATH/Database/BaseConnection.php(910): CodeIgniter\Database\MySQLi\Connection->execute()
 3 SYSTEMPATH/Database/BaseConnection.php(827): CodeIgniter\Database\BaseConnection->simpleQuery()
 4 SYSTEMPATH/Database/BaseBuilder.php(1649): CodeIgniter\Database\BaseConnection->query()
 5 APPPATH/Controllers/Dashboard.php(78): CodeIgniter\Database\BaseBuilder->get()
 6 SYSTEMPATH/CodeIgniter.php(951): App\Controllers\Dashboard->index()
 7 SYSTEMPATH/CodeIgniter.php(497): CodeIgniter\CodeIgniter->runController()
 8 SYSTEMPATH/CodeIgniter.php(340): CodeIgniter\CodeIgniter->handleRequest()
 9 SYSTEMPATH/Boot.php(417): CodeIgniter\CodeIgniter->run()
10 SYSTEMPATH/Boot.php(68): CodeIgniter\Boot::runCodeIgniter()
11 FCPATH/index.php(59): CodeIgniter\Boot::bootWeb()
12 SYSTEMPATH/rewrite.php(44): require_once('/home/Hoshiina/INFO/S4/SI-IHM/REGIME/public/index.php')
DEBUG - 2026-05-11 06:06:18 --> Session: Class initialized using 'CodeIgniter\Session\Handlers\FileHandler' driver.
ERROR - 2026-05-11 06:06:18 --> Unknown column 's.EfficacitePoids' in 'field list'
in SYSTEMPATH/Database/MySQLi/Connection.php on line 300.
 1 SYSTEMPATH/Database/MySQLi/Connection.php(300): mysqli->query()
 2 SYSTEMPATH/Database/BaseConnection.php(910): CodeIgniter\Database\MySQLi\Connection->execute()
 3 SYSTEMPATH/Database/BaseConnection.php(827): CodeIgniter\Database\BaseConnection->simpleQuery()
 4 SYSTEMPATH/Database/BaseBuilder.php(1649): CodeIgniter\Database\BaseConnection->query()
 5 APPPATH/Controllers/Dashboard.php(87): CodeIgniter\Database\BaseBuilder->get()
 6 SYSTEMPATH/CodeIgniter.php(951): App\Controllers\Dashboard->index()
 7 SYSTEMPATH/CodeIgniter.php(497): CodeIgniter\CodeIgniter->runController()
 8 SYSTEMPATH/CodeIgniter.php(340): CodeIgniter\CodeIgniter->handleRequest()
 9 SYSTEMPATH/Boot.php(417): CodeIgniter\CodeIgniter->run()
10 SYSTEMPATH/Boot.php(68): CodeIgniter\Boot::runCodeIgniter()
11 FCPATH/index.php(59): CodeIgniter\Boot::bootWeb()
12 SYSTEMPATH/rewrite.php(44): require_once('/home/Hoshiina/INFO/S4/SI-IHM/REGIME/public/index.php')
CRITICAL - 2026-05-11 06:06:18 --> CodeIgniter\Database\Exceptions\DatabaseException: Unknown column 's.EfficacitePoids' in 'field list'
[Method: GET, Route: dashboard]
in SYSTEMPATH/Database/BaseConnection.php on line 865.
 1 SYSTEMPATH/Database/BaseBuilder.php(1649): CodeIgniter\Database\BaseConnection->query()
 2 APPPATH/Controllers/Dashboard.php(87): CodeIgniter\Database\BaseBuilder->get()
 3 SYSTEMPATH/CodeIgniter.php(951): App\Controllers\Dashboard->index()
 4 SYSTEMPATH/CodeIgniter.php(497): CodeIgniter\CodeIgniter->runController()
 5 SYSTEMPATH/CodeIgniter.php(340): CodeIgniter\CodeIgniter->handleRequest()
 6 SYSTEMPATH/Boot.php(417): CodeIgniter\CodeIgniter->run()
 7 SYSTEMPATH/Boot.php(68): CodeIgniter\Boot::runCodeIgniter()
 8 FCPATH/index.php(59): CodeIgniter\Boot::bootWeb()
 9 SYSTEMPATH/rewrite.php(44): require_once('/home/Hoshiina/INFO/S4/SI-IHM/REGIME/public/index.php')
CRITICAL - 2026-05-11 06:06:18 --> [Caused by] CodeIgniter\Database\Exceptions\DatabaseException: Unknown column 's.EfficacitePoids' in 'field list'
in SYSTEMPATH/Database/MySQLi/Connection.php on line 310.
 1 SYSTEMPATH/Database/BaseConnection.php(910): CodeIgniter\Database\MySQLi\Connection->execute()
 2 SYSTEMPATH/Database/BaseConnection.php(827): CodeIgniter\Database\BaseConnection->simpleQuery()
 3 SYSTEMPATH/Database/BaseBuilder.php(1649): CodeIgniter\Database\BaseConnection->query()
 4 APPPATH/Controllers/Dashboard.php(87): CodeIgniter\Database\BaseBuilder->get()
 5 SYSTEMPATH/CodeIgniter.php(951): App\Controllers\Dashboard->index()
 6 SYSTEMPATH/CodeIgniter.php(497): CodeIgniter\CodeIgniter->runController()
 7 SYSTEMPATH/CodeIgniter.php(340): CodeIgniter\CodeIgniter->handleRequest()
 8 SYSTEMPATH/Boot.php(417): CodeIgniter\CodeIgniter->run()
 9 SYSTEMPATH/Boot.php(68): CodeIgniter\Boot::runCodeIgniter()
10 FCPATH/index.php(59): CodeIgniter\Boot::bootWeb()
11 SYSTEMPATH/rewrite.php(44): require_once('/home/Hoshiina/INFO/S4/SI-IHM/REGIME/public/index.php')
CRITICAL - 2026-05-11 06:06:18 --> [Caused by] mysqli_sql_exception: Unknown column 's.EfficacitePoids' in 'field list'
in SYSTEMPATH/Database/MySQLi/Connection.php on line 300.
 1 SYSTEMPATH/Database/MySQLi/Connection.php(300): mysqli->query()
 2 SYSTEMPATH/Database/BaseConnection.php(910): CodeIgniter\Database\MySQLi\Connection->execute()
 3 SYSTEMPATH/Database/BaseConnection.php(827): CodeIgniter\Database\BaseConnection->simpleQuery()
 4 SYSTEMPATH/Database/BaseBuilder.php(1649): CodeIgniter\Database\BaseConnection->query()
 5 APPPATH/Controllers/Dashboard.php(87): CodeIgniter\Database\BaseBuilder->get()
 6 SYSTEMPATH/CodeIgniter.php(951): App\Controllers\Dashboard->index()
 7 SYSTEMPATH/CodeIgniter.php(497): CodeIgniter\CodeIgniter->runController()
 8 SYSTEMPATH/CodeIgniter.php(340): CodeIgniter\CodeIgniter->handleRequest()
 9 SYSTEMPATH/Boot.php(417): CodeIgniter\CodeIgniter->run()
10 SYSTEMPATH/Boot.php(68): CodeIgniter\Boot::runCodeIgniter()
11 FCPATH/index.php(59): CodeIgniter\Boot::bootWeb()
12 SYSTEMPATH/rewrite.php(44): require_once('/home/Hoshiina/INFO/S4/SI-IHM/REGIME/public/index.php')
DEBUG - 2026-05-11 06:06:19 --> Session: Class initialized using 'CodeIgniter\Session\Handlers\FileHandler' driver.
ERROR - 2026-05-11 06:06:19 --> Unknown column 's.EfficacitePoids' in 'field list'
in SYSTEMPATH/Database/MySQLi/Connection.php on line 300.
 1 SYSTEMPATH/Database/MySQLi/Connection.php(300): mysqli->query()
 2 SYSTEMPATH/Database/BaseConnection.php(910): CodeIgniter\Database\MySQLi\Connection->execute()
 3 SYSTEMPATH/Database/BaseConnection.php(827): CodeIgniter\Database\BaseConnection->simpleQuery()
 4 SYSTEMPATH/Database/BaseBuilder.php(1649): CodeIgniter\Database\BaseConnection->query()
 5 APPPATH/Controllers/Dashboard.php(87): CodeIgniter\Database\BaseBuilder->get()
 6 SYSTEMPATH/CodeIgniter.php(951): App\Controllers\Dashboard->index()
 7 SYSTEMPATH/CodeIgniter.php(497): CodeIgniter\CodeIgniter->runController()
 8 SYSTEMPATH/CodeIgniter.php(340): CodeIgniter\CodeIgniter->handleRequest()
 9 SYSTEMPATH/Boot.php(417): CodeIgniter\CodeIgniter->run()
10 SYSTEMPATH/Boot.php(68): CodeIgniter\Boot::runCodeIgniter()
11 FCPATH/index.php(59): CodeIgniter\Boot::bootWeb()
12 SYSTEMPATH/rewrite.php(44): require_once('/home/Hoshiina/INFO/S4/SI-IHM/REGIME/public/index.php')
CRITICAL - 2026-05-11 06:06:19 --> CodeIgniter\Database\Exceptions\DatabaseException: Unknown column 's.EfficacitePoids' in 'field list'
[Method: GET, Route: dashboard]
in SYSTEMPATH/Database/BaseConnection.php on line 865.
 1 SYSTEMPATH/Database/BaseBuilder.php(1649): CodeIgniter\Database\BaseConnection->query()
 2 APPPATH/Controllers/Dashboard.php(87): CodeIgniter\Database\BaseBuilder->get()
 3 SYSTEMPATH/CodeIgniter.php(951): App\Controllers\Dashboard->index()
 4 SYSTEMPATH/CodeIgniter.php(497): CodeIgniter\CodeIgniter->runController()
 5 SYSTEMPATH/CodeIgniter.php(340): CodeIgniter\CodeIgniter->handleRequest()
 6 SYSTEMPATH/Boot.php(417): CodeIgniter\CodeIgniter->run()
 7 SYSTEMPATH/Boot.php(68): CodeIgniter\Boot::runCodeIgniter()
 8 FCPATH/index.php(59): CodeIgniter\Boot::bootWeb()
 9 SYSTEMPATH/rewrite.php(44): require_once('/home/Hoshiina/INFO/S4/SI-IHM/REGIME/public/index.php')
CRITICAL - 2026-05-11 06:06:19 --> [Caused by] CodeIgniter\Database\Exceptions\DatabaseException: Unknown column 's.EfficacitePoids' in 'field list'
in SYSTEMPATH/Database/MySQLi/Connection.php on line 310.
 1 SYSTEMPATH/Database/BaseConnection.php(910): CodeIgniter\Database\MySQLi\Connection->execute()
 2 SYSTEMPATH/Database/BaseConnection.php(827): CodeIgniter\Database\BaseConnection->simpleQuery()
 3 SYSTEMPATH/Database/BaseBuilder.php(1649): CodeIgniter\Database\BaseConnection->query()
 4 APPPATH/Controllers/Dashboard.php(87): CodeIgniter\Database\BaseBuilder->get()
 5 SYSTEMPATH/CodeIgniter.php(951): App\Controllers\Dashboard->index()
 6 SYSTEMPATH/CodeIgniter.php(497): CodeIgniter\CodeIgniter->runController()
 7 SYSTEMPATH/CodeIgniter.php(340): CodeIgniter\CodeIgniter->handleRequest()
 8 SYSTEMPATH/Boot.php(417): CodeIgniter\CodeIgniter->run()
 9 SYSTEMPATH/Boot.php(68): CodeIgniter\Boot::runCodeIgniter()
10 FCPATH/index.php(59): CodeIgniter\Boot::bootWeb()
11 SYSTEMPATH/rewrite.php(44): require_once('/home/Hoshiina/INFO/S4/SI-IHM/REGIME/public/index.php')
CRITICAL - 2026-05-11 06:06:19 --> [Caused by] mysqli_sql_exception: Unknown column 's.EfficacitePoids' in 'field list'
in SYSTEMPATH/Database/MySQLi/Connection.php on line 300.
 1 SYSTEMPATH/Database/MySQLi/Connection.php(300): mysqli->query()
 2 SYSTEMPATH/Database/BaseConnection.php(910): CodeIgniter\Database\MySQLi\Connection->execute()
 3 SYSTEMPATH/Database/BaseConnection.php(827): CodeIgniter\Database\BaseConnection->simpleQuery()
 4 SYSTEMPATH/Database/BaseBuilder.php(1649): CodeIgniter\Database\BaseConnection->query()
 5 APPPATH/Controllers/Dashboard.php(87): CodeIgniter\Database\BaseBuilder->get()
 6 SYSTEMPATH/CodeIgniter.php(951): App\Controllers\Dashboard->index()
 7 SYSTEMPATH/CodeIgniter.php(497): CodeIgniter\CodeIgniter->runController()
 8 SYSTEMPATH/CodeIgniter.php(340): CodeIgniter\CodeIgniter->handleRequest()
 9 SYSTEMPATH/Boot.php(417): CodeIgniter\CodeIgniter->run()
10 SYSTEMPATH/Boot.php(68): CodeIgniter\Boot::runCodeIgniter()
11 FCPATH/index.php(59): CodeIgniter\Boot::bootWeb()
12 SYSTEMPATH/rewrite.php(44): require_once('/home/Hoshiina/INFO/S4/SI-IHM/REGIME/public/index.php')
DEBUG - 2026-05-11 06:06:19 --> Session: Class initialized using 'CodeIgniter\Session\Handlers\FileHandler' driver.
ERROR - 2026-05-11 06:06:19 --> Unknown column 's.EfficacitePoids' in 'field list'
in SYSTEMPATH/Database/MySQLi/Connection.php on line 300.
 1 SYSTEMPATH/Database/MySQLi/Connection.php(300): mysqli->query()
 2 SYSTEMPATH/Database/BaseConnection.php(910): CodeIgniter\Database\MySQLi\Connection->execute()
 3 SYSTEMPATH/Database/BaseConnection.php(827): CodeIgniter\Database\BaseConnection->simpleQuery()
 4 SYSTEMPATH/Database/BaseBuilder.php(1649): CodeIgniter\Database\BaseConnection->query()
 5 APPPATH/Controllers/Dashboard.php(87): CodeIgniter\Database\BaseBuilder->get()
 6 SYSTEMPATH/CodeIgniter.php(951): App\Controllers\Dashboard->index()
 7 SYSTEMPATH/CodeIgniter.php(497): CodeIgniter\CodeIgniter->runController()
 8 SYSTEMPATH/CodeIgniter.php(340): CodeIgniter\CodeIgniter->handleRequest()
 9 SYSTEMPATH/Boot.php(417): CodeIgniter\CodeIgniter->run()
10 SYSTEMPATH/Boot.php(68): CodeIgniter\Boot::runCodeIgniter()
11 FCPATH/index.php(59): CodeIgniter\Boot::bootWeb()
12 SYSTEMPATH/rewrite.php(44): require_once('/home/Hoshiina/INFO/S4/SI-IHM/REGIME/public/index.php')
CRITICAL - 2026-05-11 06:06:19 --> CodeIgniter\Database\Exceptions\DatabaseException: Unknown column 's.EfficacitePoids' in 'field list'
[Method: GET, Route: dashboard]
in SYSTEMPATH/Database/BaseConnection.php on line 865.
 1 SYSTEMPATH/Database/BaseBuilder.php(1649): CodeIgniter\Database\BaseConnection->query()
 2 APPPATH/Controllers/Dashboard.php(87): CodeIgniter\Database\BaseBuilder->get()
 3 SYSTEMPATH/CodeIgniter.php(951): App\Controllers\Dashboard->index()
 4 SYSTEMPATH/CodeIgniter.php(497): CodeIgniter\CodeIgniter->runController()
 5 SYSTEMPATH/CodeIgniter.php(340): CodeIgniter\CodeIgniter->handleRequest()
 6 SYSTEMPATH/Boot.php(417): CodeIgniter\CodeIgniter->run()
 7 SYSTEMPATH/Boot.php(68): CodeIgniter\Boot::runCodeIgniter()
 8 FCPATH/index.php(59): CodeIgniter\Boot::bootWeb()
 9 SYSTEMPATH/rewrite.php(44): require_once('/home/Hoshiina/INFO/S4/SI-IHM/REGIME/public/index.php')
CRITICAL - 2026-05-11 06:06:19 --> [Caused by] CodeIgniter\Database\Exceptions\DatabaseException: Unknown column 's.EfficacitePoids' in 'field list'
in SYSTEMPATH/Database/MySQLi/Connection.php on line 310.
 1 SYSTEMPATH/Database/BaseConnection.php(910): CodeIgniter\Database\MySQLi\Connection->execute()
 2 SYSTEMPATH/Database/BaseConnection.php(827): CodeIgniter\Database\BaseConnection->simpleQuery()
 3 SYSTEMPATH/Database/BaseBuilder.php(1649): CodeIgniter\Database\BaseConnection->query()
 4 APPPATH/Controllers/Dashboard.php(87): CodeIgniter\Database\BaseBuilder->get()
 5 SYSTEMPATH/CodeIgniter.php(951): App\Controllers\Dashboard->index()
 6 SYSTEMPATH/CodeIgniter.php(497): CodeIgniter\CodeIgniter->runController()
 7 SYSTEMPATH/CodeIgniter.php(340): CodeIgniter\CodeIgniter->handleRequest()
 8 SYSTEMPATH/Boot.php(417): CodeIgniter\CodeIgniter->run()
 9 SYSTEMPATH/Boot.php(68): CodeIgniter\Boot::runCodeIgniter()
10 FCPATH/index.php(59): CodeIgniter\Boot::bootWeb()
11 SYSTEMPATH/rewrite.php(44): require_once('/home/Hoshiina/INFO/S4/SI-IHM/REGIME/public/index.php')
CRITICAL - 2026-05-11 06:06:19 --> [Caused by] mysqli_sql_exception: Unknown column 's.EfficacitePoids' in 'field list'
in SYSTEMPATH/Database/MySQLi/Connection.php on line 300.
 1 SYSTEMPATH/Database/MySQLi/Connection.php(300): mysqli->query()
 2 SYSTEMPATH/Database/BaseConnection.php(910): CodeIgniter\Database\MySQLi\Connection->execute()
 3 SYSTEMPATH/Database/BaseConnection.php(827): CodeIgniter\Database\BaseConnection->simpleQuery()
 4 SYSTEMPATH/Database/BaseBuilder.php(1649): CodeIgniter\Database\BaseConnection->query()
 5 APPPATH/Controllers/Dashboard.php(87): CodeIgniter\Database\BaseBuilder->get()
 6 SYSTEMPATH/CodeIgniter.php(951): App\Controllers\Dashboard->index()
 7 SYSTEMPATH/CodeIgniter.php(497): CodeIgniter\CodeIgniter->runController()
 8 SYSTEMPATH/CodeIgniter.php(340): CodeIgniter\CodeIgniter->handleRequest()
 9 SYSTEMPATH/Boot.php(417): CodeIgniter\CodeIgniter->run()
10 SYSTEMPATH/Boot.php(68): CodeIgniter\Boot::runCodeIgniter()
11 FCPATH/index.php(59): CodeIgniter\Boot::bootWeb()
12 SYSTEMPATH/rewrite.php(44): require_once('/home/Hoshiina/INFO/S4/SI-IHM/REGIME/public/index.php')
DEBUG - 2026-05-11 06:06:24 --> Session: Class initialized using 'CodeIgniter\Session\Handlers\FileHandler' driver.
ERROR - 2026-05-11 06:06:24 --> Unknown column 's.EfficacitePoids' in 'field list'
in SYSTEMPATH/Database/MySQLi/Connection.php on line 300.
 1 SYSTEMPATH/Database/MySQLi/Connection.php(300): mysqli->query()
 2 SYSTEMPATH/Database/BaseConnection.php(910): CodeIgniter\Database\MySQLi\Connection->execute()
 3 SYSTEMPATH/Database/BaseConnection.php(827): CodeIgniter\Database\BaseConnection->simpleQuery()
 4 SYSTEMPATH/Database/BaseBuilder.php(1649): CodeIgniter\Database\BaseConnection->query()
 5 APPPATH/Controllers/Dashboard.php(87): CodeIgniter\Database\BaseBuilder->get()
 6 SYSTEMPATH/CodeIgniter.php(951): App\Controllers\Dashboard->index()
 7 SYSTEMPATH/CodeIgniter.php(497): CodeIgniter\CodeIgniter->runController()
 8 SYSTEMPATH/CodeIgniter.php(340): CodeIgniter\CodeIgniter->handleRequest()
 9 SYSTEMPATH/Boot.php(417): CodeIgniter\CodeIgniter->run()
10 SYSTEMPATH/Boot.php(68): CodeIgniter\Boot::runCodeIgniter()
11 FCPATH/index.php(59): CodeIgniter\Boot::bootWeb()
12 SYSTEMPATH/rewrite.php(44): require_once('/home/Hoshiina/INFO/S4/SI-IHM/REGIME/public/index.php')
CRITICAL - 2026-05-11 06:06:24 --> CodeIgniter\Database\Exceptions\DatabaseException: Unknown column 's.EfficacitePoids' in 'field list'
[Method: GET, Route: dashboard]
in SYSTEMPATH/Database/BaseConnection.php on line 865.
 1 SYSTEMPATH/Database/BaseBuilder.php(1649): CodeIgniter\Database\BaseConnection->query()
 2 APPPATH/Controllers/Dashboard.php(87): CodeIgniter\Database\BaseBuilder->get()
 3 SYSTEMPATH/CodeIgniter.php(951): App\Controllers\Dashboard->index()
 4 SYSTEMPATH/CodeIgniter.php(497): CodeIgniter\CodeIgniter->runController()
 5 SYSTEMPATH/CodeIgniter.php(340): CodeIgniter\CodeIgniter->handleRequest()
 6 SYSTEMPATH/Boot.php(417): CodeIgniter\CodeIgniter->run()
 7 SYSTEMPATH/Boot.php(68): CodeIgniter\Boot::runCodeIgniter()
 8 FCPATH/index.php(59): CodeIgniter\Boot::bootWeb()
 9 SYSTEMPATH/rewrite.php(44): require_once('/home/Hoshiina/INFO/S4/SI-IHM/REGIME/public/index.php')
CRITICAL - 2026-05-11 06:06:24 --> [Caused by] CodeIgniter\Database\Exceptions\DatabaseException: Unknown column 's.EfficacitePoids' in 'field list'
in SYSTEMPATH/Database/MySQLi/Connection.php on line 310.
 1 SYSTEMPATH/Database/BaseConnection.php(910): CodeIgniter\Database\MySQLi\Connection->execute()
 2 SYSTEMPATH/Database/BaseConnection.php(827): CodeIgniter\Database\BaseConnection->simpleQuery()
 3 SYSTEMPATH/Database/BaseBuilder.php(1649): CodeIgniter\Database\BaseConnection->query()
 4 APPPATH/Controllers/Dashboard.php(87): CodeIgniter\Database\BaseBuilder->get()
 5 SYSTEMPATH/CodeIgniter.php(951): App\Controllers\Dashboard->index()
 6 SYSTEMPATH/CodeIgniter.php(497): CodeIgniter\CodeIgniter->runController()
 7 SYSTEMPATH/CodeIgniter.php(340): CodeIgniter\CodeIgniter->handleRequest()
 8 SYSTEMPATH/Boot.php(417): CodeIgniter\CodeIgniter->run()
 9 SYSTEMPATH/Boot.php(68): CodeIgniter\Boot::runCodeIgniter()
10 FCPATH/index.php(59): CodeIgniter\Boot::bootWeb()
11 SYSTEMPATH/rewrite.php(44): require_once('/home/Hoshiina/INFO/S4/SI-IHM/REGIME/public/index.php')
CRITICAL - 2026-05-11 06:06:24 --> [Caused by] mysqli_sql_exception: Unknown column 's.EfficacitePoids' in 'field list'
in SYSTEMPATH/Database/MySQLi/Connection.php on line 300.
 1 SYSTEMPATH/Database/MySQLi/Connection.php(300): mysqli->query()
 2 SYSTEMPATH/Database/BaseConnection.php(910): CodeIgniter\Database\MySQLi\Connection->execute()
 3 SYSTEMPATH/Database/BaseConnection.php(827): CodeIgniter\Database\BaseConnection->simpleQuery()
 4 SYSTEMPATH/Database/BaseBuilder.php(1649): CodeIgniter\Database\BaseConnection->query()
 5 APPPATH/Controllers/Dashboard.php(87): CodeIgniter\Database\BaseBuilder->get()
 6 SYSTEMPATH/CodeIgniter.php(951): App\Controllers\Dashboard->index()
 7 SYSTEMPATH/CodeIgniter.php(497): CodeIgniter\CodeIgniter->runController()
 8 SYSTEMPATH/CodeIgniter.php(340): CodeIgniter\CodeIgniter->handleRequest()
 9 SYSTEMPATH/Boot.php(417): CodeIgniter\CodeIgniter->run()
10 SYSTEMPATH/Boot.php(68): CodeIgniter\Boot::runCodeIgniter()
11 FCPATH/index.php(59): CodeIgniter\Boot::bootWeb()
12 SYSTEMPATH/rewrite.php(44): require_once('/home/Hoshiina/INFO/S4/SI-IHM/REGIME/public/index.php')
DEBUG - 2026-05-11 06:06:25 --> Session: Class initialized using 'CodeIgniter\Session\Handlers\FileHandler' driver.
ERROR - 2026-05-11 06:06:25 --> Unknown column 's.EfficacitePoids' in 'field list'
in SYSTEMPATH/Database/MySQLi/Connection.php on line 300.
 1 SYSTEMPATH/Database/MySQLi/Connection.php(300): mysqli->query()
 2 SYSTEMPATH/Database/BaseConnection.php(910): CodeIgniter\Database\MySQLi\Connection->execute()
 3 SYSTEMPATH/Database/BaseConnection.php(827): CodeIgniter\Database\BaseConnection->simpleQuery()
 4 SYSTEMPATH/Database/BaseBuilder.php(1649): CodeIgniter\Database\BaseConnection->query()
 5 APPPATH/Controllers/Dashboard.php(87): CodeIgniter\Database\BaseBuilder->get()
 6 SYSTEMPATH/CodeIgniter.php(951): App\Controllers\Dashboard->index()
 7 SYSTEMPATH/CodeIgniter.php(497): CodeIgniter\CodeIgniter->runController()
 8 SYSTEMPATH/CodeIgniter.php(340): CodeIgniter\CodeIgniter->handleRequest()
 9 SYSTEMPATH/Boot.php(417): CodeIgniter\CodeIgniter->run()
10 SYSTEMPATH/Boot.php(68): CodeIgniter\Boot::runCodeIgniter()
11 FCPATH/index.php(59): CodeIgniter\Boot::bootWeb()
12 SYSTEMPATH/rewrite.php(44): require_once('/home/Hoshiina/INFO/S4/SI-IHM/REGIME/public/index.php')
CRITICAL - 2026-05-11 06:06:25 --> CodeIgniter\Database\Exceptions\DatabaseException: Unknown column 's.EfficacitePoids' in 'field list'
[Method: GET, Route: dashboard]
in SYSTEMPATH/Database/BaseConnection.php on line 865.
 1 SYSTEMPATH/Database/BaseBuilder.php(1649): CodeIgniter\Database\BaseConnection->query()
 2 APPPATH/Controllers/Dashboard.php(87): CodeIgniter\Database\BaseBuilder->get()
 3 SYSTEMPATH/CodeIgniter.php(951): App\Controllers\Dashboard->index()
 4 SYSTEMPATH/CodeIgniter.php(497): CodeIgniter\CodeIgniter->runController()
 5 SYSTEMPATH/CodeIgniter.php(340): CodeIgniter\CodeIgniter->handleRequest()
 6 SYSTEMPATH/Boot.php(417): CodeIgniter\CodeIgniter->run()
 7 SYSTEMPATH/Boot.php(68): CodeIgniter\Boot::runCodeIgniter()
 8 FCPATH/index.php(59): CodeIgniter\Boot::bootWeb()
 9 SYSTEMPATH/rewrite.php(44): require_once('/home/Hoshiina/INFO/S4/SI-IHM/REGIME/public/index.php')
CRITICAL - 2026-05-11 06:06:25 --> [Caused by] CodeIgniter\Database\Exceptions\DatabaseException: Unknown column 's.EfficacitePoids' in 'field list'
in SYSTEMPATH/Database/MySQLi/Connection.php on line 310.
 1 SYSTEMPATH/Database/BaseConnection.php(910): CodeIgniter\Database\MySQLi\Connection->execute()
 2 SYSTEMPATH/Database/BaseConnection.php(827): CodeIgniter\Database\BaseConnection->simpleQuery()
 3 SYSTEMPATH/Database/BaseBuilder.php(1649): CodeIgniter\Database\BaseConnection->query()
 4 APPPATH/Controllers/Dashboard.php(87): CodeIgniter\Database\BaseBuilder->get()
 5 SYSTEMPATH/CodeIgniter.php(951): App\Controllers\Dashboard->index()
 6 SYSTEMPATH/CodeIgniter.php(497): CodeIgniter\CodeIgniter->runController()
 7 SYSTEMPATH/CodeIgniter.php(340): CodeIgniter\CodeIgniter->handleRequest()
 8 SYSTEMPATH/Boot.php(417): CodeIgniter\CodeIgniter->run()
 9 SYSTEMPATH/Boot.php(68): CodeIgniter\Boot::runCodeIgniter()
10 FCPATH/index.php(59): CodeIgniter\Boot::bootWeb()
11 SYSTEMPATH/rewrite.php(44): require_once('/home/Hoshiina/INFO/S4/SI-IHM/REGIME/public/index.php')
CRITICAL - 2026-05-11 06:06:25 --> [Caused by] mysqli_sql_exception: Unknown column 's.EfficacitePoids' in 'field list'
in SYSTEMPATH/Database/MySQLi/Connection.php on line 300.
 1 SYSTEMPATH/Database/MySQLi/Connection.php(300): mysqli->query()
 2 SYSTEMPATH/Database/BaseConnection.php(910): CodeIgniter\Database\MySQLi\Connection->execute()
 3 SYSTEMPATH/Database/BaseConnection.php(827): CodeIgniter\Database\BaseConnection->simpleQuery()
 4 SYSTEMPATH/Database/BaseBuilder.php(1649): CodeIgniter\Database\BaseConnection->query()
 5 APPPATH/Controllers/Dashboard.php(87): CodeIgniter\Database\BaseBuilder->get()
 6 SYSTEMPATH/CodeIgniter.php(951): App\Controllers\Dashboard->index()
 7 SYSTEMPATH/CodeIgniter.php(497): CodeIgniter\CodeIgniter->runController()
 8 SYSTEMPATH/CodeIgniter.php(340): CodeIgniter\CodeIgniter->handleRequest()
 9 SYSTEMPATH/Boot.php(417): CodeIgniter\CodeIgniter->run()
10 SYSTEMPATH/Boot.php(68): CodeIgniter\Boot::runCodeIgniter()
11 FCPATH/index.php(59): CodeIgniter\Boot::bootWeb()
12 SYSTEMPATH/rewrite.php(44): require_once('/home/Hoshiina/INFO/S4/SI-IHM/REGIME/public/index.php')
DEBUG - 2026-05-11 06:06:55 --> Session: Class initialized using 'CodeIgniter\Session\Handlers\FileHandler' driver.
CRITICAL - 2026-05-11 06:06:55 --> Error: Cannot use object of type stdClass as array
[Method: GET, Route: dashboard]
in APPPATH/Views/Dashboard.php on line 209.
 1 SYSTEMPATH/View/View.php(240): include()
 2 SYSTEMPATH/View/View.php(243): CodeIgniter\View\View->CodeIgniter\View\{closure}()
 3 SYSTEMPATH/Common.php(1250): CodeIgniter\View\View->render()
 4 APPPATH/Controllers/Dashboard.php(102): view()
 5 SYSTEMPATH/CodeIgniter.php(951): App\Controllers\Dashboard->index()
 6 SYSTEMPATH/CodeIgniter.php(497): CodeIgniter\CodeIgniter->runController()
 7 SYSTEMPATH/CodeIgniter.php(340): CodeIgniter\CodeIgniter->handleRequest()
 8 SYSTEMPATH/Boot.php(417): CodeIgniter\CodeIgniter->run()
 9 SYSTEMPATH/Boot.php(68): CodeIgniter\Boot::runCodeIgniter()
10 FCPATH/index.php(59): CodeIgniter\Boot::bootWeb()
11 SYSTEMPATH/rewrite.php(44): require_once('/home/Hoshiina/INFO/S4/SI-IHM/REGIME/public/index.php')
DEBUG - 2026-05-11 06:07:34 --> Session: Class initialized using 'CodeIgniter\Session\Handlers\FileHandler' driver.
DEBUG - 2026-05-11 06:07:34 --> Session: Class initialized using 'CodeIgniter\Session\Handlers\FileHandler' driver.
DEBUG - 2026-05-11 06:08:52 --> Session: Class initialized using 'CodeIgniter\Session\Handlers\FileHandler' driver.
DEBUG - 2026-05-11 06:09:04 --> Session: Class initialized using 'CodeIgniter\Session\Handlers\FileHandler' driver.
DEBUG - 2026-05-11 06:09:05 --> Session: Class initialized using 'CodeIgniter\Session\Handlers\FileHandler' driver.
DEBUG - 2026-05-11 06:09:06 --> Session: Class initialized using 'CodeIgniter\Session\Handlers\FileHandler' driver.
DEBUG - 2026-05-11 06:09:06 --> Session: Class initialized using 'CodeIgniter\Session\Handlers\FileHandler' driver.
DEBUG - 2026-05-11 06:09:07 --> Session: Class initialized using 'CodeIgniter\Session\Handlers\FileHandler' driver.
DEBUG - 2026-05-11 06:09:07 --> Session: Class initialized using 'CodeIgniter\Session\Handlers\FileHandler' driver.
DEBUG - 2026-05-11 06:09:09 --> Session: Class initialized using 'CodeIgniter\Session\Handlers\FileHandler' driver.
DEBUG - 2026-05-11 06:09:10 --> Session: Class initialized using 'CodeIgniter\Session\Handlers\FileHandler' driver.
DEBUG - 2026-05-11 06:09:10 --> Session: Class initialized using 'CodeIgniter\Session\Handlers\FileHandler' driver.
DEBUG - 2026-05-11 06:09:10 --> Session: Class initialized using 'CodeIgniter\Session\Handlers\FileHandler' driver.
DEBUG - 2026-05-11 06:09:11 --> Session: Class initialized using 'CodeIgniter\Session\Handlers\FileHandler' driver.
DEBUG - 2026-05-11 06:09:11 --> Session: Class initialized using 'CodeIgniter\Session\Handlers\FileHandler' driver.
DEBUG - 2026-05-11 06:09:12 --> Session: Class initialized using 'CodeIgniter\Session\Handlers\FileHandler' driver.
DEBUG - 2026-05-11 06:09:41 --> Session: Class initialized using 'CodeIgniter\Session\Handlers\FileHandler' driver.
DEBUG - 2026-05-11 06:09:45 --> Session: Class initialized using 'CodeIgniter\Session\Handlers\FileHandler' driver.
DEBUG - 2026-05-11 06:10:56 --> Session: Class initialized using 'CodeIgniter\Session\Handlers\FileHandler' driver.
DEBUG - 2026-05-11 06:10:56 --> Session: Class initialized using 'CodeIgniter\Session\Handlers\FileHandler' driver.
DEBUG - 2026-05-11 06:10:56 --> Session: Class initialized using 'CodeIgniter\Session\Handlers\FileHandler' driver.
DEBUG - 2026-05-11 06:10:57 --> Session: Class initialized using 'CodeIgniter\Session\Handlers\FileHandler' driver.
DEBUG - 2026-05-11 06:10:57 --> Session: Class initialized using 'CodeIgniter\Session\Handlers\FileHandler' driver.
DEBUG - 2026-05-11 06:11:01 --> Session: Class initialized using 'CodeIgniter\Session\Handlers\FileHandler' driver.
DEBUG - 2026-05-11 06:11:02 --> Session: Class initialized using 'CodeIgniter\Session\Handlers\FileHandler' driver.
DEBUG - 2026-05-11 06:11:03 --> Session: Class initialized using 'CodeIgniter\Session\Handlers\FileHandler' driver.
DEBUG - 2026-05-11 06:11:13 --> Session: Class initialized using 'CodeIgniter\Session\Handlers\FileHandler' driver.
DEBUG - 2026-05-11 06:11:14 --> Session: Class initialized using 'CodeIgniter\Session\Handlers\FileHandler' driver.
DEBUG - 2026-05-11 06:11:14 --> Session: Class initialized using 'CodeIgniter\Session\Handlers\FileHandler' driver.
DEBUG - 2026-05-11 06:11:14 --> Session: Class initialized using 'CodeIgniter\Session\Handlers\FileHandler' driver.
DEBUG - 2026-05-11 06:11:44 --> Session: Class initialized using 'CodeIgniter\Session\Handlers\FileHandler' driver.
DEBUG - 2026-05-11 06:11:45 --> Session: Class initialized using 'CodeIgniter\Session\Handlers\FileHandler' driver.
DEBUG - 2026-05-11 06:11:45 --> Session: Class initialized using 'CodeIgniter\Session\Handlers\FileHandler' driver.
DEBUG - 2026-05-11 06:11:46 --> Session: Class initialized using 'CodeIgniter\Session\Handlers\FileHandler' driver.
DEBUG - 2026-05-11 06:11:46 --> Session: Class initialized using 'CodeIgniter\Session\Handlers\FileHandler' driver.
DEBUG - 2026-05-11 06:11:51 --> Session: Class initialized using 'CodeIgniter\Session\Handlers\FileHandler' driver.
DEBUG - 2026-05-11 06:12:29 --> Session: Class initialized using 'CodeIgniter\Session\Handlers\FileHandler' driver.
DEBUG - 2026-05-11 06:12:50 --> Session: Class initialized using 'CodeIgniter\Session\Handlers\FileHandler' driver.
DEBUG - 2026-05-11 06:12:51 --> Session: Class initialized using 'CodeIgniter\Session\Handlers\FileHandler' driver.
DEBUG - 2026-05-11 06:12:58 --> Session: Class initialized using 'CodeIgniter\Session\Handlers\FileHandler' driver.
DEBUG - 2026-05-11 06:13:00 --> Session: Class initialized using 'CodeIgniter\Session\Handlers\FileHandler' driver.
DEBUG - 2026-05-11 06:13:24 --> Session: Class initialized using 'CodeIgniter\Session\Handlers\FileHandler' driver.
DEBUG - 2026-05-11 06:13:41 --> Session: Class initialized using 'CodeIgniter\Session\Handlers\FileHandler' driver.
DEBUG - 2026-05-11 06:13:54 --> Session: Class initialized using 'CodeIgniter\Session\Handlers\FileHandler' driver.
DEBUG - 2026-05-11 06:13:59 --> Session: Class initialized using 'CodeIgniter\Session\Handlers\FileHandler' driver.
DEBUG - 2026-05-11 06:14:10 --> Session: Class initialized using 'CodeIgniter\Session\Handlers\FileHandler' driver.
DEBUG - 2026-05-11 06:16:33 --> Session: Class initialized using 'CodeIgniter\Session\Handlers\FileHandler' driver.
DEBUG - 2026-05-11 06:16:35 --> Session: Class initialized using 'CodeIgniter\Session\Handlers\FileHandler' driver.
DEBUG - 2026-05-11 06:18:56 --> Session: Class initialized using 'CodeIgniter\Session\Handlers\FileHandler' driver.
DEBUG - 2026-05-11 06:19:28 --> Session: Class initialized using 'CodeIgniter\Session\Handlers\FileHandler' driver.
DEBUG - 2026-05-11 06:20:21 --> Session: Class initialized using 'CodeIgniter\Session\Handlers\FileHandler' driver.
DEBUG - 2026-05-11 06:20:29 --> Session: Class initialized using 'CodeIgniter\Session\Handlers\FileHandler' driver.
DEBUG - 2026-05-11 06:21:47 --> Session: Class initialized using 'CodeIgniter\Session\Handlers\FileHandler' driver.
DEBUG - 2026-05-11 06:22:07 --> Session: Class initialized using 'CodeIgniter\Session\Handlers\FileHandler' driver.
CRITICAL - 2026-05-11 06:22:07 --> ParseError: syntax error, unexpected token "endif", expecting end of file
[Method: GET, Route: myhome]
in APPPATH/Views/partials/Header.php on line 67.
 1 SYSTEMPATH/View/View.php(243): CodeIgniter\View\View->CodeIgniter\View\{closure}()
 2 SYSTEMPATH/Common.php(1250): CodeIgniter\View\View->render()
 3 APPPATH/Views/Myhome.php(13): view()
 4 SYSTEMPATH/View/View.php(240): include('/home/Hoshiina/INFO/S4/SI-IHM/REGIME/app/Views/Myhome.php')
 5 SYSTEMPATH/View/View.php(243): CodeIgniter\View\View->CodeIgniter\View\{closure}()
 6 SYSTEMPATH/Common.php(1250): CodeIgniter\View\View->render()
 7 APPPATH/Controllers/Myhome.php(91): view()
 8 SYSTEMPATH/CodeIgniter.php(951): App\Controllers\Myhome->index()
 9 SYSTEMPATH/CodeIgniter.php(497): CodeIgniter\CodeIgniter->runController()
10 SYSTEMPATH/CodeIgniter.php(340): CodeIgniter\CodeIgniter->handleRequest()
11 SYSTEMPATH/Boot.php(417): CodeIgniter\CodeIgniter->run()
12 SYSTEMPATH/Boot.php(68): CodeIgniter\Boot::runCodeIgniter()
13 FCPATH/index.php(59): CodeIgniter\Boot::bootWeb()
14 SYSTEMPATH/rewrite.php(44): require_once('/home/Hoshiina/INFO/S4/SI-IHM/REGIME/public/index.php')
DEBUG - 2026-05-11 06:22:09 --> Session: Class initialized using 'CodeIgniter\Session\Handlers\FileHandler' driver.
CRITICAL - 2026-05-11 06:22:09 --> ParseError: syntax error, unexpected token "endif", expecting end of file
[Method: GET, Route: myhome]
in APPPATH/Views/partials/Header.php on line 67.
 1 SYSTEMPATH/View/View.php(243): CodeIgniter\View\View->CodeIgniter\View\{closure}()
 2 SYSTEMPATH/Common.php(1250): CodeIgniter\View\View->render()
 3 APPPATH/Views/Myhome.php(13): view()
 4 SYSTEMPATH/View/View.php(240): include('/home/Hoshiina/INFO/S4/SI-IHM/REGIME/app/Views/Myhome.php')
 5 SYSTEMPATH/View/View.php(243): CodeIgniter\View\View->CodeIgniter\View\{closure}()
 6 SYSTEMPATH/Common.php(1250): CodeIgniter\View\View->render()
 7 APPPATH/Controllers/Myhome.php(91): view()
 8 SYSTEMPATH/CodeIgniter.php(951): App\Controllers\Myhome->index()
 9 SYSTEMPATH/CodeIgniter.php(497): CodeIgniter\CodeIgniter->runController()
10 SYSTEMPATH/CodeIgniter.php(340): CodeIgniter\CodeIgniter->handleRequest()
11 SYSTEMPATH/Boot.php(417): CodeIgniter\CodeIgniter->run()
12 SYSTEMPATH/Boot.php(68): CodeIgniter\Boot::runCodeIgniter()
13 FCPATH/index.php(59): CodeIgniter\Boot::bootWeb()
14 SYSTEMPATH/rewrite.php(44): require_once('/home/Hoshiina/INFO/S4/SI-IHM/REGIME/public/index.php')
DEBUG - 2026-05-11 06:22:15 --> Session: Class initialized using 'CodeIgniter\Session\Handlers\FileHandler' driver.
DEBUG - 2026-05-11 06:22:19 --> Session: Class initialized using 'CodeIgniter\Session\Handlers\FileHandler' driver.
DEBUG - 2026-05-11 06:22:20 --> Session: Class initialized using 'CodeIgniter\Session\Handlers\FileHandler' driver.
DEBUG - 2026-05-11 06:23:24 --> Session: Class initialized using 'CodeIgniter\Session\Handlers\FileHandler' driver.
DEBUG - 2026-05-11 06:23:37 --> Session: Class initialized using 'CodeIgniter\Session\Handlers\FileHandler' driver.
DEBUG - 2026-05-11 06:23:43 --> Session: Class initialized using 'CodeIgniter\Session\Handlers\FileHandler' driver.
DEBUG - 2026-05-11 06:23:43 --> Session: Class initialized using 'CodeIgniter\Session\Handlers\FileHandler' driver.
DEBUG - 2026-05-11 06:23:44 --> Session: Class initialized using 'CodeIgniter\Session\Handlers\FileHandler' driver.
DEBUG - 2026-05-11 06:23:58 --> Session: Class initialized using 'CodeIgniter\Session\Handlers\FileHandler' driver.
DEBUG - 2026-05-11 06:24:15 --> Session: Class initialized using 'CodeIgniter\Session\Handlers\FileHandler' driver.
DEBUG - 2026-05-11 06:25:32 --> Session: Class initialized using 'CodeIgniter\Session\Handlers\FileHandler' driver.
DEBUG - 2026-05-11 06:25:43 --> Session: Class initialized using 'CodeIgniter\Session\Handlers\FileHandler' driver.
DEBUG - 2026-05-11 06:25:44 --> Session: Class initialized using 'CodeIgniter\Session\Handlers\FileHandler' driver.
DEBUG - 2026-05-11 06:25:44 --> Session: Class initialized using 'CodeIgniter\Session\Handlers\FileHandler' driver.
DEBUG - 2026-05-11 06:25:44 --> Session: Class initialized using 'CodeIgniter\Session\Handlers\FileHandler' driver.
DEBUG - 2026-05-11 06:25:44 --> Session: Class initialized using 'CodeIgniter\Session\Handlers\FileHandler' driver.
DEBUG - 2026-05-11 06:25:45 --> Session: Class initialized using 'CodeIgniter\Session\Handlers\FileHandler' driver.
DEBUG - 2026-05-11 06:25:45 --> Session: Class initialized using 'CodeIgniter\Session\Handlers\FileHandler' driver.
DEBUG - 2026-05-11 06:25:45 --> Session: Class initialized using 'CodeIgniter\Session\Handlers\FileHandler' driver.
DEBUG - 2026-05-11 06:25:45 --> Session: Class initialized using 'CodeIgniter\Session\Handlers\FileHandler' driver.
DEBUG - 2026-05-11 06:25:45 --> Session: Class initialized using 'CodeIgniter\Session\Handlers\FileHandler' driver.
DEBUG - 2026-05-11 06:26:55 --> Session: Class initialized using 'CodeIgniter\Session\Handlers\FileHandler' driver.
DEBUG - 2026-05-11 06:28:10 --> Session: Class initialized using 'CodeIgniter\Session\Handlers\FileHandler' driver.
DEBUG - 2026-05-11 06:36:12 --> Session: Class initialized using 'CodeIgniter\Session\Handlers\FileHandler' driver.
DEBUG - 2026-05-11 06:38:01 --> Session: Class initialized using 'CodeIgniter\Session\Handlers\FileHandler' driver.
DEBUG - 2026-05-11 06:38:03 --> Session: Class initialized using 'CodeIgniter\Session\Handlers\FileHandler' driver.
DEBUG - 2026-05-11 06:38:20 --> Session: Class initialized using 'CodeIgniter\Session\Handlers\FileHandler' driver.
DEBUG - 2026-05-11 06:38:33 --> Session: Class initialized using 'CodeIgniter\Session\Handlers\FileHandler' driver.
DEBUG - 2026-05-11 06:39:06 --> Session: Class initialized using 'CodeIgniter\Session\Handlers\FileHandler' driver.
DEBUG - 2026-05-11 06:39:50 --> Session: Class initialized using 'CodeIgniter\Session\Handlers\FileHandler' driver.
DEBUG - 2026-05-11 06:40:52 --> Session: Class initialized using 'CodeIgniter\Session\Handlers\FileHandler' driver.
DEBUG - 2026-05-11 06:41:18 --> Session: Class initialized using 'CodeIgniter\Session\Handlers\FileHandler' driver.
DEBUG - 2026-05-11 06:41:20 --> Session: Class initialized using 'CodeIgniter\Session\Handlers\FileHandler' driver.
DEBUG - 2026-05-11 06:41:24 --> Session: Class initialized using 'CodeIgniter\Session\Handlers\FileHandler' driver.
DEBUG - 2026-05-11 06:41:25 --> Session: Class initialized using 'CodeIgniter\Session\Handlers\FileHandler' driver.
DEBUG - 2026-05-11 06:42:01 --> Session: Class initialized using 'CodeIgniter\Session\Handlers\FileHandler' driver.
DEBUG - 2026-05-11 06:42:07 --> Session: Class initialized using 'CodeIgniter\Session\Handlers\FileHandler' driver.
DEBUG - 2026-05-11 06:42:41 --> Session: Class initialized using 'CodeIgniter\Session\Handlers\FileHandler' driver.
DEBUG - 2026-05-11 06:42:43 --> Session: Class initialized using 'CodeIgniter\Session\Handlers\FileHandler' driver.
DEBUG - 2026-05-11 06:42:43 --> Session: Class initialized using 'CodeIgniter\Session\Handlers\FileHandler' driver.
DEBUG - 2026-05-11 06:44:40 --> Session: Class initialized using 'CodeIgniter\Session\Handlers\FileHandler' driver.
DEBUG - 2026-05-11 06:44:43 --> Session: Class initialized using 'CodeIgniter\Session\Handlers\FileHandler' driver.
DEBUG - 2026-05-11 06:44:45 --> Session: Class initialized using 'CodeIgniter\Session\Handlers\FileHandler' driver.
DEBUG - 2026-05-11 06:44:46 --> Session: Class initialized using 'CodeIgniter\Session\Handlers\FileHandler' driver.
DEBUG - 2026-05-11 06:44:49 --> Session: Class initialized using 'CodeIgniter\Session\Handlers\FileHandler' driver.
DEBUG - 2026-05-11 06:44:49 --> Session: Class initialized using 'CodeIgniter\Session\Handlers\FileHandler' driver.
DEBUG - 2026-05-11 06:44:52 --> Session: Class initialized using 'CodeIgniter\Session\Handlers\FileHandler' driver.
DEBUG - 2026-05-11 06:45:05 --> Session: Class initialized using 'CodeIgniter\Session\Handlers\FileHandler' driver.
DEBUG - 2026-05-11 06:45:07 --> Session: Class initialized using 'CodeIgniter\Session\Handlers\FileHandler' driver.
DEBUG - 2026-05-11 06:45:07 --> Session: Class initialized using 'CodeIgniter\Session\Handlers\FileHandler' driver.
DEBUG - 2026-05-11 06:49:58 --> Session: Class initialized using 'CodeIgniter\Session\Handlers\FileHandler' driver.
DEBUG - 2026-05-11 06:50:04 --> Session: Class initialized using 'CodeIgniter\Session\Handlers\FileHandler' driver.
DEBUG - 2026-05-11 06:50:09 --> Session: Class initialized using 'CodeIgniter\Session\Handlers\FileHandler' driver.
DEBUG - 2026-05-11 06:50:09 --> Session: Class initialized using 'CodeIgniter\Session\Handlers\FileHandler' driver.
DEBUG - 2026-05-11 06:51:41 --> Session: Class initialized using 'CodeIgniter\Session\Handlers\FileHandler' driver.
DEBUG - 2026-05-11 06:51:42 --> Session: Class initialized using 'CodeIgniter\Session\Handlers\FileHandler' driver.
DEBUG - 2026-05-11 06:51:50 --> Session: Class initialized using 'CodeIgniter\Session\Handlers\FileHandler' driver.
DEBUG - 2026-05-11 06:51:52 --> Session: Class initialized using 'CodeIgniter\Session\Handlers\FileHandler' driver.
DEBUG - 2026-05-11 06:51:52 --> Session: Class initialized using 'CodeIgniter\Session\Handlers\FileHandler' driver.
DEBUG - 2026-05-11 06:57:16 --> Session: Class initialized using 'CodeIgniter\Session\Handlers\FileHandler' driver.
DEBUG - 2026-05-11 07:08:07 --> Session: Class initialized using 'CodeIgniter\Session\Handlers\FileHandler' driver.
DEBUG - 2026-05-11 07:09:04 --> Session: Class initialized using 'CodeIgniter\Session\Handlers\FileHandler' driver.
DEBUG - 2026-05-11 07:09:05 --> Session: Class initialized using 'CodeIgniter\Session\Handlers\FileHandler' driver.
DEBUG - 2026-05-11 07:09:05 --> Session: Class initialized using 'CodeIgniter\Session\Handlers\FileHandler' driver.
DEBUG - 2026-05-11 07:09:05 --> Session: Class initialized using 'CodeIgniter\Session\Handlers\FileHandler' driver.
DEBUG - 2026-05-11 07:09:55 --> Session: Class initialized using 'CodeIgniter\Session\Handlers\FileHandler' driver.
DEBUG - 2026-05-11 07:09:56 --> Session: Class initialized using 'CodeIgniter\Session\Handlers\FileHandler' driver.
DEBUG - 2026-05-11 07:09:56 --> Session: Class initialized using 'CodeIgniter\Session\Handlers\FileHandler' driver.
DEBUG - 2026-05-11 07:09:56 --> Session: Class initialized using 'CodeIgniter\Session\Handlers\FileHandler' driver.
DEBUG - 2026-05-11 07:09:56 --> Session: Class initialized using 'CodeIgniter\Session\Handlers\FileHandler' driver.
DEBUG - 2026-05-11 07:10:27 --> Session: Class initialized using 'CodeIgniter\Session\Handlers\FileHandler' driver.
DEBUG - 2026-05-11 07:10:27 --> Session: Class initialized using 'CodeIgniter\Session\Handlers\FileHandler' driver.
DEBUG - 2026-05-11 07:10:27 --> Session: Class initialized using 'CodeIgniter\Session\Handlers\FileHandler' driver.
DEBUG - 2026-05-11 07:11:10 --> Session: Class initialized using 'CodeIgniter\Session\Handlers\FileHandler' driver.
DEBUG - 2026-05-11 07:11:10 --> Session: Class initialized using 'CodeIgniter\Session\Handlers\FileHandler' driver.
DEBUG - 2026-05-11 07:11:10 --> Session: Class initialized using 'CodeIgniter\Session\Handlers\FileHandler' driver.
DEBUG - 2026-05-11 07:11:11 --> Session: Class initialized using 'CodeIgniter\Session\Handlers\FileHandler' driver.
DEBUG - 2026-05-11 07:11:11 --> Session: Class initialized using 'CodeIgniter\Session\Handlers\FileHandler' driver.
DEBUG - 2026-05-11 07:11:11 --> Session: Class initialized using 'CodeIgniter\Session\Handlers\FileHandler' driver.
DEBUG - 2026-05-11 07:11:11 --> Session: Class initialized using 'CodeIgniter\Session\Handlers\FileHandler' driver.
DEBUG - 2026-05-11 07:12:45 --> Session: Class initialized using 'CodeIgniter\Session\Handlers\FileHandler' driver.
DEBUG - 2026-05-11 07:12:46 --> Session: Class initialized using 'CodeIgniter\Session\Handlers\FileHandler' driver.
DEBUG - 2026-05-11 07:13:46 --> Session: Class initialized using 'CodeIgniter\Session\Handlers\FileHandler' driver.
DEBUG - 2026-05-11 07:14:09 --> Session: Class initialized using 'CodeIgniter\Session\Handlers\FileHandler' driver.
DEBUG - 2026-05-11 07:14:09 --> Session: Class initialized using 'CodeIgniter\Session\Handlers\FileHandler' driver.
DEBUG - 2026-05-11 07:14:09 --> Session: Class initialized using 'CodeIgniter\Session\Handlers\FileHandler' driver.
DEBUG - 2026-05-11 07:14:09 --> Session: Class initialized using 'CodeIgniter\Session\Handlers\FileHandler' driver.
DEBUG - 2026-05-11 07:14:09 --> Session: Class initialized using 'CodeIgniter\Session\Handlers\FileHandler' driver.
DEBUG - 2026-05-11 07:14:40 --> Session: Class initialized using 'CodeIgniter\Session\Handlers\FileHandler' driver.
DEBUG - 2026-05-11 07:15:03 --> Session: Class initialized using 'CodeIgniter\Session\Handlers\FileHandler' driver.
DEBUG - 2026-05-11 07:15:04 --> Session: Class initialized using 'CodeIgniter\Session\Handlers\FileHandler' driver.
DEBUG - 2026-05-11 07:15:04 --> Session: Class initialized using 'CodeIgniter\Session\Handlers\FileHandler' driver.
DEBUG - 2026-05-11 07:15:04 --> Session: Class initialized using 'CodeIgniter\Session\Handlers\FileHandler' driver.
DEBUG - 2026-05-11 07:15:04 --> Session: Class initialized using 'CodeIgniter\Session\Handlers\FileHandler' driver.
DEBUG - 2026-05-11 07:15:52 --> Session: Class initialized using 'CodeIgniter\Session\Handlers\FileHandler' driver.
DEBUG - 2026-05-11 07:15:53 --> Session: Class initialized using 'CodeIgniter\Session\Handlers\FileHandler' driver.
DEBUG - 2026-05-11 07:17:48 --> Session: Class initialized using 'CodeIgniter\Session\Handlers\FileHandler' driver.
